,station_code,T,T10N,TD,ds
0,370,115,,93,2023-06-01 00:00:00+00:00
1,370,102,,87,2023-06-01 01:00:00+00:00
2,370,99,,83,2023-06-01 02:00:00+00:00
3,370,97,,79,2023-06-01 03:00:00+00:00
4,370,101,,77,2023-06-01 04:00:00+00:00
5,370,116,93.0,80,2023-06-01 05:00:00+00:00
6,370,120,,79,2023-06-01 06:00:00+00:00
7,370,137,,83,2023-06-01 07:00:00+00:00
8,370,153,,80,2023-06-01 08:00:00+00:00
9,370,169,,90,2023-06-01 09:00:00+00:00
10,370,185,,90,2023-06-01 10:00:00+00:00
11,370,189,117.0,89,2023-06-01 11:00:00+00:00
12,370,198,,89,2023-06-01 12:00:00+00:00
13,370,202,,87,2023-06-01 13:00:00+00:00
14,370,200,,89,2023-06-01 14:00:00+00:00
15,370,174,,97,2023-06-01 15:00:00+00:00
16,370,163,,95,2023-06-01 16:00:00+00:00
17,370,146,151.0,87,2023-06-01 17:00:00+00:00
18,370,130,,76,2023-06-01 18:00:00+00:00
19,370,128,,77,2023-06-01 19:00:00+00:00
20,370,125,,75,2023-06-01 20:00:00+00:00
21,370,122,,69,2023-06-01 21:00:00+00:00
22,370,120,,65,2023-06-01 22:00:00+00:00
23,370,115,114.0,61,2023-06-01 23:00:00+00:00
24,370,110,,57,2023-06-02 00:00:00+00:00
25,370,105,,49,2023-06-02 01:00:00+00:00
26,370,108,,54,2023-06-02 02:00:00+00:00
27,370,107,,51,2023-06-02 03:00:00+00:00
28,370,103,,48,2023-06-02 04:00:00+00:00
29,370,105,103.0,49,2023-06-02 05:00:00+00:00
30,370,107,,46,2023-06-02 06:00:00+00:00
31,370,114,,49,2023-06-02 07:00:00+00:00
32,370,125,,49,2023-06-02 08:00:00+00:00
33,370,148,,55,2023-06-02 09:00:00+00:00
34,370,149,,61,2023-06-02 10:00:00+00:00
35,370,156,107.0,71,2023-06-02 11:00:00+00:00
36,370,165,,76,2023-06-02 12:00:00+00:00
37,370,172,,78,2023-06-02 13:00:00+00:00
38,370,179,,83,2023-06-02 14:00:00+00:00
39,370,188,,86,2023-06-02 15:00:00+00:00
40,370,192,,81,2023-06-02 16:00:00+00:00
41,370,188,178.0,71,2023-06-02 17:00:00+00:00
42,370,177,,78,2023-06-02 18:00:00+00:00
43,370,144,,84,2023-06-02 19:00:00+00:00
44,370,126,,90,2023-06-02 20:00:00+00:00
45,370,125,,95,2023-06-02 21:00:00+00:00
46,370,109,,92,2023-06-02 22:00:00+00:00
47,370,103,52.0,88,2023-06-02 23:00:00+00:00
48,370,104,,86,2023-06-03 00:00:00+00:00
49,370,96,,77,2023-06-03 01:00:00+00:00
50,370,101,,79,2023-06-03 02:00:00+00:00
51,370,99,,77,2023-06-03 03:00:00+00:00
52,370,125,,80,2023-06-03 04:00:00+00:00
53,370,144,77.0,71,2023-06-03 05:00:00+00:00
54,370,164,,62,2023-06-03 06:00:00+00:00
55,370,187,,48,2023-06-03 07:00:00+00:00
56,370,196,,29,2023-06-03 08:00:00+00:00
57,370,204,,18,2023-06-03 09:00:00+00:00
58,370,209,,12,2023-06-03 10:00:00+00:00
59,370,215,152.0,15,2023-06-03 11:00:00+00:00
60,370,228,,31,2023-06-03 12:00:00+00:00
61,370,224,,15,2023-06-03 13:00:00+00:00
62,370,226,,9,2023-06-03 14:00:00+00:00
63,370,225,,10,2023-06-03 15:00:00+00:00
64,370,218,,-4,2023-06-03 16:00:00+00:00
65,370,210,209.0,2,2023-06-03 17:00:00+00:00
66,370,198,,2,2023-06-03 18:00:00+00:00
67,370,172,,25,2023-06-03 19:00:00+00:00
68,370,144,,27,2023-06-03 20:00:00+00:00
69,370,128,,31,2023-06-03 21:00:00+00:00
70,370,117,,31,2023-06-03 22:00:00+00:00
71,370,94,33.0,41,2023-06-03 23:00:00+00:00
72,370,104,,52,2023-06-04 00:00:00+00:00
73,370,97,,54,2023-06-04 01:00:00+00:00
74,370,84,,52,2023-06-04 02:00:00+00:00
75,370,85,,54,2023-06-04 03:00:00+00:00
76,370,117,,59,2023-06-04 04:00:00+00:00
77,370,137,60.0,62,2023-06-04 05:00:00+00:00
78,370,158,,55,2023-06-04 06:00:00+00:00
79,370,181,,41,2023-06-04 07:00:00+00:00
80,370,204,,29,2023-06-04 08:00:00+00:00
81,370,218,,23,2023-06-04 09:00:00+00:00
82,370,223,,23,2023-06-04 10:00:00+00:00
83,370,230,146.0,29,2023-06-04 11:00:00+00:00
84,370,228,,36,2023-06-04 12:00:00+00:00
85,370,236,,42,2023-06-04 13:00:00+00:00
86,370,239,,40,2023-06-04 14:00:00+00:00
87,370,238,,46,2023-06-04 15:00:00+00:00
88,370,233,,45,2023-06-04 16:00:00+00:00
89,370,224,224.0,56,2023-06-04 17:00:00+00:00
90,370,201,,94,2023-06-04 18:00:00+00:00
91,370,181,,100,2023-06-04 19:00:00+00:00
92,370,170,,97,2023-06-04 20:00:00+00:00
93,370,157,,95,2023-06-04 21:00:00+00:00
94,370,139,,92,2023-06-04 22:00:00+00:00
95,370,124,115.0,89,2023-06-04 23:00:00+00:00
96,370,114,,85,2023-06-05 00:00:00+00:00
97,370,106,,82,2023-06-05 01:00:00+00:00
98,370,97,,79,2023-06-05 02:00:00+00:00
99,370,96,,81,2023-06-05 03:00:00+00:00
100,370,109,,85,2023-06-05 04:00:00+00:00
101,370,126,83.0,86,2023-06-05 05:00:00+00:00
102,370,144,,88,2023-06-05 06:00:00+00:00
103,370,161,,90,2023-06-05 07:00:00+00:00
104,370,181,,96,2023-06-05 08:00:00+00:00
105,370,199,,95,2023-06-05 09:00:00+00:00
106,370,217,,99,2023-06-05 10:00:00+00:00
107,370,226,134.0,96,2023-06-05 11:00:00+00:00
108,370,241,,87,2023-06-05 12:00:00+00:00
109,370,245,,77,2023-06-05 13:00:00+00:00
110,370,233,,97,2023-06-05 14:00:00+00:00
111,370,233,,99,2023-06-05 15:00:00+00:00
112,370,225,,107,2023-06-05 16:00:00+00:00
113,370,207,210.0,109,2023-06-05 17:00:00+00:00
114,370,190,,111,2023-06-05 18:00:00+00:00
115,370,168,,111,2023-06-05 19:00:00+00:00
116,370,154,,110,2023-06-05 20:00:00+00:00
117,370,145,,108,2023-06-05 21:00:00+00:00
118,370,136,,105,2023-06-05 22:00:00+00:00
119,370,129,119.0,98,2023-06-05 23:00:00+00:00
120,370,121,,93,2023-06-06 00:00:00+00:00
121,370,111,,89,2023-06-06 01:00:00+00:00
122,370,105,,85,2023-06-06 02:00:00+00:00
123,370,102,,83,2023-06-06 03:00:00+00:00
124,370,110,,85,2023-06-06 04:00:00+00:00
125,370,124,97.0,88,2023-06-06 05:00:00+00:00
126,370,145,,96,2023-06-06 06:00:00+00:00
127,370,163,,101,2023-06-06 07:00:00+00:00
128,370,183,,106,2023-06-06 08:00:00+00:00
129,370,204,,107,2023-06-06 09:00:00+00:00
130,370,228,,110,2023-06-06 10:00:00+00:00
131,370,240,133.0,111,2023-06-06 11:00:00+00:00
132,370,246,,101,2023-06-06 12:00:00+00:00
133,370,258,,82,2023-06-06 13:00:00+00:00
134,370,245,,74,2023-06-06 14:00:00+00:00
135,370,257,,59,2023-06-06 15:00:00+00:00
136,370,252,,78,2023-06-06 16:00:00+00:00
137,370,229,230.0,126,2023-06-06 17:00:00+00:00
138,370,212,,128,2023-06-06 18:00:00+00:00
139,370,196,,127,2023-06-06 19:00:00+00:00
140,370,183,,125,2023-06-06 20:00:00+00:00
141,370,173,,116,2023-06-06 21:00:00+00:00
142,370,164,,109,2023-06-06 22:00:00+00:00
143,370,148,140.0,104,2023-06-06 23:00:00+00:00
144,370,143,,103,2023-06-07 00:00:00+00:00
145,370,138,,99,2023-06-07 01:00:00+00:00
146,370,132,,97,2023-06-07 02:00:00+00:00
147,370,128,,95,2023-06-07 03:00:00+00:00
148,370,130,,94,2023-06-07 04:00:00+00:00
149,370,136,126.0,95,2023-06-07 05:00:00+00:00
150,370,146,,97,2023-06-07 06:00:00+00:00
151,370,158,,98,2023-06-07 07:00:00+00:00
152,370,191,,106,2023-06-07 08:00:00+00:00
153,370,193,,103,2023-06-07 09:00:00+00:00
154,370,192,,107,2023-06-07 10:00:00+00:00
155,370,193,142.0,114,2023-06-07 11:00:00+00:00
156,370,212,,117,2023-06-07 12:00:00+00:00
157,370,231,,106,2023-06-07 13:00:00+00:00
158,370,232,,104,2023-06-07 14:00:00+00:00
159,370,233,,96,2023-06-07 15:00:00+00:00
160,370,233,,107,2023-06-07 16:00:00+00:00
161,370,226,206.0,107,2023-06-07 17:00:00+00:00
162,370,213,,125,2023-06-07 18:00:00+00:00
163,370,197,,123,2023-06-07 19:00:00+00:00
164,370,191,,124,2023-06-07 20:00:00+00:00
165,370,181,,116,2023-06-07 21:00:00+00:00
166,370,165,,111,2023-06-07 22:00:00+00:00
167,370,152,146.0,105,2023-06-07 23:00:00+00:00
168,370,148,,103,2023-06-08 00:00:00+00:00
169,370,135,,103,2023-06-08 01:00:00+00:00
170,370,127,,102,2023-06-08 02:00:00+00:00
171,370,122,,100,2023-06-08 03:00:00+00:00
172,370,132,,101,2023-06-08 04:00:00+00:00
173,370,144,114.0,103,2023-06-08 05:00:00+00:00
174,370,164,,107,2023-06-08 06:00:00+00:00
175,370,185,,112,2023-06-08 07:00:00+00:00
176,370,207,,121,2023-06-08 08:00:00+00:00
177,370,227,,123,2023-06-08 09:00:00+00:00
178,370,241,,125,2023-06-08 10:00:00+00:00
179,370,252,154.0,122,2023-06-08 11:00:00+00:00
180,370,259,,124,2023-06-08 12:00:00+00:00
181,370,264,,125,2023-06-08 13:00:00+00:00
182,370,269,,125,2023-06-08 14:00:00+00:00
183,370,262,,124,2023-06-08 15:00:00+00:00
184,370,262,,125,2023-06-08 16:00:00+00:00
185,370,256,257.0,124,2023-06-08 17:00:00+00:00
186,370,249,,119,2023-06-08 18:00:00+00:00
187,370,234,,120,2023-06-08 19:00:00+00:00
188,370,211,,124,2023-06-08 20:00:00+00:00
189,370,201,,116,2023-06-08 21:00:00+00:00
190,370,191,,112,2023-06-08 22:00:00+00:00
191,370,174,164.0,108,2023-06-08 23:00:00+00:00
192,370,165,,102,2023-06-09 00:00:00+00:00
193,370,155,,95,2023-06-09 01:00:00+00:00
194,370,150,,92,2023-06-09 02:00:00+00:00
195,370,151,,94,2023-06-09 03:00:00+00:00
196,370,157,,99,2023-06-09 04:00:00+00:00
197,370,176,133.0,113,2023-06-09 05:00:00+00:00
198,370,203,,124,2023-06-09 06:00:00+00:00
199,370,224,,127,2023-06-09 07:00:00+00:00
200,370,247,,121,2023-06-09 08:00:00+00:00
201,370,267,,127,2023-06-09 09:00:00+00:00
202,370,276,,104,2023-06-09 10:00:00+00:00
203,370,285,187.0,106,2023-06-09 11:00:00+00:00
204,370,295,,108,2023-06-09 12:00:00+00:00
205,370,299,,102,2023-06-09 13:00:00+00:00
206,370,290,,100,2023-06-09 14:00:00+00:00
207,370,294,,96,2023-06-09 15:00:00+00:00
208,370,288,,111,2023-06-09 16:00:00+00:00
209,370,283,282.0,110,2023-06-09 17:00:00+00:00
210,370,275,,111,2023-06-09 18:00:00+00:00
211,370,260,,113,2023-06-09 19:00:00+00:00
212,370,247,,116,2023-06-09 20:00:00+00:00
213,370,240,,125,2023-06-09 21:00:00+00:00
214,370,234,,127,2023-06-09 22:00:00+00:00
215,370,227,216.0,125,2023-06-09 23:00:00+00:00
216,370,218,,123,2023-06-10 00:00:00+00:00
217,370,203,,120,2023-06-10 01:00:00+00:00
218,370,194,,119,2023-06-10 02:00:00+00:00
219,370,188,,122,2023-06-10 03:00:00+00:00
220,370,194,,126,2023-06-10 04:00:00+00:00
221,370,208,177.0,129,2023-06-10 05:00:00+00:00
222,370,228,,133,2023-06-10 06:00:00+00:00
223,370,246,,126,2023-06-10 07:00:00+00:00
224,370,266,,116,2023-06-10 08:00:00+00:00
225,370,280,,115,2023-06-10 09:00:00+00:00
226,370,290,,117,2023-06-10 10:00:00+00:00
227,370,304,218.0,111,2023-06-10 11:00:00+00:00
228,370,309,,94,2023-06-10 12:00:00+00:00
229,370,306,,91,2023-06-10 13:00:00+00:00
230,370,308,,84,2023-06-10 14:00:00+00:00
231,370,299,,96,2023-06-10 15:00:00+00:00
232,370,302,,100,2023-06-10 16:00:00+00:00
233,370,289,287.0,100,2023-06-10 17:00:00+00:00
234,370,278,,110,2023-06-10 18:00:00+00:00
235,370,263,,113,2023-06-10 19:00:00+00:00
236,370,251,,117,2023-06-10 20:00:00+00:00
237,370,242,,122,2023-06-10 21:00:00+00:00
238,370,232,,125,2023-06-10 22:00:00+00:00
239,370,223,210.0,128,2023-06-10 23:00:00+00:00
240,370,217,,128,2023-06-11 00:00:00+00:00
241,370,214,,128,2023-06-11 01:00:00+00:00
242,370,202,,129,2023-06-11 02:00:00+00:00
243,370,198,,130,2023-06-11 03:00:00+00:00
244,370,208,,133,2023-06-11 04:00:00+00:00
245,370,221,179.0,135,2023-06-11 05:00:00+00:00
246,370,245,,145,2023-06-11 06:00:00+00:00
247,370,261,,144,2023-06-11 07:00:00+00:00
248,370,278,,147,2023-06-11 08:00:00+00:00
249,370,289,,141,2023-06-11 09:00:00+00:00
250,370,296,,128,2023-06-11 10:00:00+00:00
251,370,307,233.0,120,2023-06-11 11:00:00+00:00
252,370,312,,113,2023-06-11 12:00:00+00:00
253,370,314,,105,2023-06-11 13:00:00+00:00
254,370,307,,99,2023-06-11 14:00:00+00:00
255,370,309,,99,2023-06-11 15:00:00+00:00
256,370,301,,93,2023-06-11 16:00:00+00:00
257,370,294,296.0,90,2023-06-11 17:00:00+00:00
258,370,279,,94,2023-06-11 18:00:00+00:00
259,370,262,,104,2023-06-11 19:00:00+00:00
260,370,252,,109,2023-06-11 20:00:00+00:00
261,370,242,,98,2023-06-11 21:00:00+00:00
262,370,234,,89,2023-06-11 22:00:00+00:00
263,370,221,204.0,88,2023-06-11 23:00:00+00:00
264,370,213,,86,2023-06-12 00:00:00+00:00
265,370,200,,86,2023-06-12 01:00:00+00:00
266,370,193,,83,2023-06-12 02:00:00+00:00
267,370,163,,93,2023-06-12 03:00:00+00:00
268,370,201,,88,2023-06-12 04:00:00+00:00
269,370,215,148.0,94,2023-06-12 05:00:00+00:00
270,370,237,,106,2023-06-12 06:00:00+00:00
271,370,252,,103,2023-06-12 07:00:00+00:00
272,370,267,,105,2023-06-12 08:00:00+00:00
273,370,280,,100,2023-06-12 09:00:00+00:00
274,370,286,,97,2023-06-12 10:00:00+00:00
275,370,296,226.0,87,2023-06-12 11:00:00+00:00
276,370,301,,80,2023-06-12 12:00:00+00:00
277,370,303,,82,2023-06-12 13:00:00+00:00
278,370,290,,73,2023-06-12 14:00:00+00:00
279,370,300,,66,2023-06-12 15:00:00+00:00
280,370,292,,69,2023-06-12 16:00:00+00:00
281,370,283,279.0,91,2023-06-12 17:00:00+00:00
282,370,271,,84,2023-06-12 18:00:00+00:00
283,370,258,,74,2023-06-12 19:00:00+00:00
284,370,246,,69,2023-06-12 20:00:00+00:00
285,370,237,,70,2023-06-12 21:00:00+00:00
286,370,228,,73,2023-06-12 22:00:00+00:00
287,370,222,213.0,65,2023-06-12 23:00:00+00:00
288,370,212,,62,2023-06-13 00:00:00+00:00
289,370,199,,65,2023-06-13 01:00:00+00:00
290,370,186,,68,2023-06-13 02:00:00+00:00
291,370,182,,70,2023-06-13 03:00:00+00:00
292,370,191,,73,2023-06-13 04:00:00+00:00
293,370,202,169.0,81,2023-06-13 05:00:00+00:00
294,370,215,,85,2023-06-13 06:00:00+00:00
295,370,231,,89,2023-06-13 07:00:00+00:00
296,370,246,,87,2023-06-13 08:00:00+00:00
297,370,261,,75,2023-06-13 09:00:00+00:00
298,370,271,,59,2023-06-13 10:00:00+00:00
299,370,280,211.0,63,2023-06-13 11:00:00+00:00
300,370,283,,61,2023-06-13 12:00:00+00:00
301,370,280,,52,2023-06-13 13:00:00+00:00
302,370,281,,56,2023-06-13 14:00:00+00:00
303,370,278,,52,2023-06-13 15:00:00+00:00
304,370,277,,61,2023-06-13 16:00:00+00:00
305,370,268,269.0,60,2023-06-13 17:00:00+00:00
306,370,256,,56,2023-06-13 18:00:00+00:00
307,370,244,,55,2023-06-13 19:00:00+00:00
308,370,205,,75,2023-06-13 20:00:00+00:00
309,370,220,,75,2023-06-13 21:00:00+00:00
310,370,180,,81,2023-06-13 22:00:00+00:00
311,370,163,143.0,80,2023-06-13 23:00:00+00:00
312,370,151,,77,2023-06-14 00:00:00+00:00
313,370,159,,64,2023-06-14 01:00:00+00:00
314,370,155,,62,2023-06-14 02:00:00+00:00
315,370,162,,63,2023-06-14 03:00:00+00:00
316,370,172,,68,2023-06-14 04:00:00+00:00
317,370,186,130.0,73,2023-06-14 05:00:00+00:00
318,370,206,,77,2023-06-14 06:00:00+00:00
319,370,231,,75,2023-06-14 07:00:00+00:00
320,370,237,,65,2023-06-14 08:00:00+00:00
321,370,245,,34,2023-06-14 09:00:00+00:00
322,370,247,,47,2023-06-14 10:00:00+00:00
323,370,248,195.0,59,2023-06-14 11:00:00+00:00
324,370,252,,53,2023-06-14 12:00:00+00:00
325,370,256,,56,2023-06-14 13:00:00+00:00
326,370,254,,57,2023-06-14 14:00:00+00:00
327,370,254,,54,2023-06-14 15:00:00+00:00
328,370,251,,62,2023-06-14 16:00:00+00:00
329,370,243,245.0,57,2023-06-14 17:00:00+00:00
330,370,232,,65,2023-06-14 18:00:00+00:00
331,370,220,,65,2023-06-14 19:00:00+00:00
332,370,192,,74,2023-06-14 20:00:00+00:00
333,370,196,,77,2023-06-14 21:00:00+00:00
334,370,191,,81,2023-06-14 22:00:00+00:00
335,370,161,140.0,87,2023-06-14 23:00:00+00:00
336,370,151,,90,2023-06-15 00:00:00+00:00
337,370,131,,91,2023-06-15 01:00:00+00:00
338,370,132,,92,2023-06-15 02:00:00+00:00
339,370,145,,96,2023-06-15 03:00:00+00:00
340,370,171,,100,2023-06-15 04:00:00+00:00
341,370,195,71.0,98,2023-06-15 05:00:00+00:00
342,370,218,,98,2023-06-15 06:00:00+00:00
343,370,239,,92,2023-06-15 07:00:00+00:00
344,370,247,,79,2023-06-15 08:00:00+00:00
345,370,250,,65,2023-06-15 09:00:00+00:00
346,370,261,,67,2023-06-15 10:00:00+00:00
347,370,264,210.0,76,2023-06-15 11:00:00+00:00
348,370,271,,71,2023-06-15 12:00:00+00:00
349,370,264,,80,2023-06-15 13:00:00+00:00
350,370,257,,65,2023-06-15 14:00:00+00:00
351,370,269,,78,2023-06-15 15:00:00+00:00
352,370,262,,72,2023-06-15 16:00:00+00:00
353,370,252,249.0,63,2023-06-15 17:00:00+00:00
354,370,239,,78,2023-06-15 18:00:00+00:00
355,370,215,,87,2023-06-15 19:00:00+00:00
356,370,201,,91,2023-06-15 20:00:00+00:00
357,370,176,,93,2023-06-15 21:00:00+00:00
358,370,159,,96,2023-06-15 22:00:00+00:00
359,370,159,104.0,98,2023-06-15 23:00:00+00:00
360,370,142,,93,2023-06-16 00:00:00+00:00
361,370,131,,84,2023-06-16 01:00:00+00:00
362,370,117,,82,2023-06-16 02:00:00+00:00
363,370,117,,81,2023-06-16 03:00:00+00:00
364,370,144,,93,2023-06-16 04:00:00+00:00
365,370,188,42.0,81,2023-06-16 05:00:00+00:00
366,370,214,,73,2023-06-16 06:00:00+00:00
367,370,231,,60,2023-06-16 07:00:00+00:00
368,370,243,,53,2023-06-16 08:00:00+00:00
369,370,251,,40,2023-06-16 09:00:00+00:00
370,370,260,,40,2023-06-16 10:00:00+00:00
371,370,264,200.0,36,2023-06-16 11:00:00+00:00
372,370,272,,48,2023-06-16 12:00:00+00:00
373,370,275,,49,2023-06-16 13:00:00+00:00
374,370,276,,54,2023-06-16 14:00:00+00:00
375,370,266,,55,2023-06-16 15:00:00+00:00
376,370,270,,60,2023-06-16 16:00:00+00:00
377,370,256,261.0,72,2023-06-16 17:00:00+00:00
378,370,235,,75,2023-06-16 18:00:00+00:00
379,370,210,,63,2023-06-16 19:00:00+00:00
380,370,176,,67,2023-06-16 20:00:00+00:00
381,370,169,,63,2023-06-16 21:00:00+00:00
382,370,140,,72,2023-06-16 22:00:00+00:00
383,370,127,62.0,72,2023-06-16 23:00:00+00:00
384,370,115,,71,2023-06-17 00:00:00+00:00
385,370,109,,74,2023-06-17 01:00:00+00:00
386,370,102,,72,2023-06-17 02:00:00+00:00
387,370,101,,77,2023-06-17 03:00:00+00:00
388,370,131,,83,2023-06-17 04:00:00+00:00
389,370,185,38.0,92,2023-06-17 05:00:00+00:00
390,370,217,,91,2023-06-17 06:00:00+00:00
391,370,230,,75,2023-06-17 07:00:00+00:00
392,370,252,,64,2023-06-17 08:00:00+00:00
393,370,259,,68,2023-06-17 09:00:00+00:00
394,370,266,,65,2023-06-17 10:00:00+00:00
395,370,274,202.0,75,2023-06-17 11:00:00+00:00
396,370,280,,77,2023-06-17 12:00:00+00:00
397,370,281,,81,2023-06-17 13:00:00+00:00
398,370,276,,76,2023-06-17 14:00:00+00:00
399,370,275,,81,2023-06-17 15:00:00+00:00
400,370,271,,80,2023-06-17 16:00:00+00:00
401,370,260,259.0,89,2023-06-17 17:00:00+00:00
402,370,254,,90,2023-06-17 18:00:00+00:00
403,370,242,,95,2023-06-17 19:00:00+00:00
404,370,230,,95,2023-06-17 20:00:00+00:00
405,370,227,,90,2023-06-17 21:00:00+00:00
406,370,226,,88,2023-06-17 22:00:00+00:00
407,370,214,198.0,92,2023-06-17 23:00:00+00:00
408,370,208,,102,2023-06-18 00:00:00+00:00
409,370,185,,106,2023-06-18 01:00:00+00:00
410,370,185,,100,2023-06-18 02:00:00+00:00
411,370,176,,91,2023-06-18 03:00:00+00:00
412,370,192,,88,2023-06-18 04:00:00+00:00
413,370,218,118.0,94,2023-06-18 05:00:00+00:00
414,370,214,,108,2023-06-18 06:00:00+00:00
415,370,231,,116,2023-06-18 07:00:00+00:00
416,370,233,,125,2023-06-18 08:00:00+00:00
417,370,222,,141,2023-06-18 09:00:00+00:00
418,370,239,,141,2023-06-18 10:00:00+00:00
419,370,246,212.0,146,2023-06-18 11:00:00+00:00
420,370,258,,138,2023-06-18 12:00:00+00:00
421,370,259,,141,2023-06-18 13:00:00+00:00
422,370,257,,131,2023-06-18 14:00:00+00:00
423,370,256,,126,2023-06-18 15:00:00+00:00
424,370,253,,126,2023-06-18 16:00:00+00:00
425,370,248,246.0,115,2023-06-18 17:00:00+00:00
426,370,241,,113,2023-06-18 18:00:00+00:00
427,370,240,,115,2023-06-18 19:00:00+00:00
428,370,231,,124,2023-06-18 20:00:00+00:00
429,370,231,,124,2023-06-18 21:00:00+00:00
430,370,222,,137,2023-06-18 22:00:00+00:00
431,370,201,195.0,140,2023-06-18 23:00:00+00:00
432,370,192,,140,2023-06-19 00:00:00+00:00
433,370,189,,146,2023-06-19 01:00:00+00:00
434,370,181,,150,2023-06-19 02:00:00+00:00
435,370,187,,156,2023-06-19 03:00:00+00:00
436,370,190,,160,2023-06-19 04:00:00+00:00
437,370,197,173.0,160,2023-06-19 05:00:00+00:00
438,370,210,,152,2023-06-19 06:00:00+00:00
439,370,220,,148,2023-06-19 07:00:00+00:00
440,370,225,,143,2023-06-19 08:00:00+00:00
441,370,233,,138,2023-06-19 09:00:00+00:00
442,370,231,,131,2023-06-19 10:00:00+00:00
443,370,251,197.0,132,2023-06-19 11:00:00+00:00
444,370,260,,112,2023-06-19 12:00:00+00:00
445,370,266,,111,2023-06-19 13:00:00+00:00
446,370,269,,105,2023-06-19 14:00:00+00:00
447,370,268,,105,2023-06-19 15:00:00+00:00
448,370,267,,105,2023-06-19 16:00:00+00:00
449,370,254,256.0,120,2023-06-19 17:00:00+00:00
450,370,246,,122,2023-06-19 18:00:00+00:00
451,370,229,,129,2023-06-19 19:00:00+00:00
452,370,223,,135,2023-06-19 20:00:00+00:00
453,370,220,,141,2023-06-19 21:00:00+00:00
454,370,206,,160,2023-06-19 22:00:00+00:00
455,370,200,195.0,156,2023-06-19 23:00:00+00:00
456,370,209,,144,2023-06-20 00:00:00+00:00
457,370,208,,141,2023-06-20 01:00:00+00:00
458,370,204,,139,2023-06-20 02:00:00+00:00
459,370,189,,139,2023-06-20 03:00:00+00:00
460,370,212,,150,2023-06-20 04:00:00+00:00
461,370,223,171.0,162,2023-06-20 05:00:00+00:00
462,370,233,,166,2023-06-20 06:00:00+00:00
463,370,244,,172,2023-06-20 07:00:00+00:00
464,370,259,,172,2023-06-20 08:00:00+00:00
465,370,271,,169,2023-06-20 09:00:00+00:00
466,370,283,,156,2023-06-20 10:00:00+00:00
467,370,301,230.0,148,2023-06-20 11:00:00+00:00
468,370,294,,152,2023-06-20 12:00:00+00:00
469,370,311,,158,2023-06-20 13:00:00+00:00
470,370,292,,151,2023-06-20 14:00:00+00:00
471,370,226,,178,2023-06-20 15:00:00+00:00
472,370,214,,180,2023-06-20 16:00:00+00:00
473,370,210,210.0,182,2023-06-20 17:00:00+00:00
474,370,204,,185,2023-06-20 18:00:00+00:00
475,370,195,,183,2023-06-20 19:00:00+00:00
476,370,184,,173,2023-06-20 20:00:00+00:00
477,370,183,,174,2023-06-20 21:00:00+00:00
478,370,173,,168,2023-06-20 22:00:00+00:00
479,370,174,164.0,169,2023-06-20 23:00:00+00:00
480,370,174,,169,2023-06-21 00:00:00+00:00
481,370,169,,165,2023-06-21 01:00:00+00:00
482,370,167,,164,2023-06-21 02:00:00+00:00
483,370,171,,167,2023-06-21 03:00:00+00:00
484,370,182,,177,2023-06-21 04:00:00+00:00
485,370,192,153.0,180,2023-06-21 05:00:00+00:00
486,370,203,,173,2023-06-21 06:00:00+00:00
487,370,218,,167,2023-06-21 07:00:00+00:00
488,370,229,,157,2023-06-21 08:00:00+00:00
489,370,245,,147,2023-06-21 09:00:00+00:00
490,370,256,,144,2023-06-21 10:00:00+00:00
491,370,247,197.0,138,2023-06-21 11:00:00+00:00
492,370,259,,134,2023-06-21 12:00:00+00:00
493,370,272,,125,2023-06-21 13:00:00+00:00
494,370,262,,128,2023-06-21 14:00:00+00:00
495,370,263,,119,2023-06-21 15:00:00+00:00
496,370,263,,125,2023-06-21 16:00:00+00:00
497,370,248,253.0,145,2023-06-21 17:00:00+00:00
498,370,232,,140,2023-06-21 18:00:00+00:00
499,370,212,,130,2023-06-21 19:00:00+00:00
500,370,203,,130,2023-06-21 20:00:00+00:00
501,370,183,,135,2023-06-21 21:00:00+00:00
502,370,175,,139,2023-06-21 22:00:00+00:00
503,370,170,133.0,140,2023-06-21 23:00:00+00:00
504,370,169,,135,2023-06-22 00:00:00+00:00
505,370,173,,141,2023-06-22 01:00:00+00:00
506,370,171,,143,2023-06-22 02:00:00+00:00
507,370,165,,143,2023-06-22 03:00:00+00:00
508,370,182,,148,2023-06-22 04:00:00+00:00
509,370,199,120.0,152,2023-06-22 05:00:00+00:00
510,370,205,,157,2023-06-22 06:00:00+00:00
511,370,208,,170,2023-06-22 07:00:00+00:00
512,370,218,,157,2023-06-22 08:00:00+00:00
513,370,229,,146,2023-06-22 09:00:00+00:00
514,370,199,,178,2023-06-22 10:00:00+00:00
515,370,190,188.0,182,2023-06-22 11:00:00+00:00
516,370,189,,175,2023-06-22 12:00:00+00:00
517,370,184,,173,2023-06-22 13:00:00+00:00
518,370,182,,174,2023-06-22 14:00:00+00:00
519,370,182,,174,2023-06-22 15:00:00+00:00
520,370,186,,181,2023-06-22 16:00:00+00:00
521,370,183,181.0,175,2023-06-22 17:00:00+00:00
522,370,182,,173,2023-06-22 18:00:00+00:00
523,370,179,,168,2023-06-22 19:00:00+00:00
524,370,178,,169,2023-06-22 20:00:00+00:00
525,370,175,,164,2023-06-22 21:00:00+00:00
526,370,160,,146,2023-06-22 22:00:00+00:00
527,370,154,144.0,142,2023-06-22 23:00:00+00:00
528,370,153,,144,2023-06-23 00:00:00+00:00
529,370,151,,142,2023-06-23 01:00:00+00:00
530,370,144,,139,2023-06-23 02:00:00+00:00
531,370,142,,136,2023-06-23 03:00:00+00:00
532,370,152,,143,2023-06-23 04:00:00+00:00
533,370,170,132.0,156,2023-06-23 05:00:00+00:00
534,370,188,,165,2023-06-23 06:00:00+00:00
535,370,207,,157,2023-06-23 07:00:00+00:00
536,370,222,,151,2023-06-23 08:00:00+00:00
537,370,234,,147,2023-06-23 09:00:00+00:00
538,370,249,,146,2023-06-23 10:00:00+00:00
539,370,251,178.0,145,2023-06-23 11:00:00+00:00
540,370,259,,141,2023-06-23 12:00:00+00:00
541,370,262,,140,2023-06-23 13:00:00+00:00
542,370,256,,135,2023-06-23 14:00:00+00:00
543,370,258,,122,2023-06-23 15:00:00+00:00
544,370,250,,135,2023-06-23 16:00:00+00:00
545,370,247,254.0,144,2023-06-23 17:00:00+00:00
546,370,232,,146,2023-06-23 18:00:00+00:00
547,370,201,,157,2023-06-23 19:00:00+00:00
548,370,179,,146,2023-06-23 20:00:00+00:00
549,370,176,,151,2023-06-23 21:00:00+00:00
550,370,170,,149,2023-06-23 22:00:00+00:00
551,370,169,142.0,156,2023-06-23 23:00:00+00:00
552,370,163,,147,2023-06-24 00:00:00+00:00
553,370,153,,148,2023-06-24 01:00:00+00:00
554,370,142,,139,2023-06-24 02:00:00+00:00
555,370,135,,131,2023-06-24 03:00:00+00:00
556,370,162,,141,2023-06-24 04:00:00+00:00
557,370,185,103.0,134,2023-06-24 05:00:00+00:00
558,370,205,,130,2023-06-24 06:00:00+00:00
559,370,223,,121,2023-06-24 07:00:00+00:00
560,370,237,,115,2023-06-24 08:00:00+00:00
561,370,249,,117,2023-06-24 09:00:00+00:00
562,370,261,,112,2023-06-24 10:00:00+00:00
563,370,266,193.0,121,2023-06-24 11:00:00+00:00
564,370,270,,108,2023-06-24 12:00:00+00:00
565,370,278,,114,2023-06-24 13:00:00+00:00
566,370,278,,106,2023-06-24 14:00:00+00:00
567,370,283,,113,2023-06-24 15:00:00+00:00
568,370,280,,116,2023-06-24 16:00:00+00:00
569,370,276,287.0,113,2023-06-24 17:00:00+00:00
570,370,262,,130,2023-06-24 18:00:00+00:00
571,370,222,,148,2023-06-24 19:00:00+00:00
572,370,200,,147,2023-06-24 20:00:00+00:00
573,370,192,,156,2023-06-24 21:00:00+00:00
574,370,194,,159,2023-06-24 22:00:00+00:00
575,370,169,132.0,154,2023-06-24 23:00:00+00:00
576,370,162,,157,2023-06-25 00:00:00+00:00
577,370,155,,150,2023-06-25 01:00:00+00:00
578,370,151,,147,2023-06-25 02:00:00+00:00
579,370,151,,148,2023-06-25 03:00:00+00:00
580,370,184,,162,2023-06-25 04:00:00+00:00
581,370,223,109.0,138,2023-06-25 05:00:00+00:00
582,370,245,,127,2023-06-25 06:00:00+00:00
583,370,255,,143,2023-06-25 07:00:00+00:00
584,370,280,,148,2023-06-25 08:00:00+00:00
585,370,289,,140,2023-06-25 09:00:00+00:00
586,370,299,,130,2023-06-25 10:00:00+00:00
587,370,309,236.0,133,2023-06-25 11:00:00+00:00
588,370,312,,131,2023-06-25 12:00:00+00:00
589,370,313,,133,2023-06-25 13:00:00+00:00
590,370,316,,133,2023-06-25 14:00:00+00:00
591,370,311,,126,2023-06-25 15:00:00+00:00
592,370,311,,131,2023-06-25 16:00:00+00:00
593,370,304,307.0,133,2023-06-25 17:00:00+00:00
594,370,286,,152,2023-06-25 18:00:00+00:00
595,370,242,,162,2023-06-25 19:00:00+00:00
596,370,231,,158,2023-06-25 20:00:00+00:00
597,370,226,,158,2023-06-25 21:00:00+00:00
598,370,213,,158,2023-06-25 22:00:00+00:00
599,370,199,167.0,156,2023-06-25 23:00:00+00:00
600,370,215,,151,2023-06-26 00:00:00+00:00
601,370,206,,139,2023-06-26 01:00:00+00:00
602,370,192,,139,2023-06-26 02:00:00+00:00
603,370,187,,145,2023-06-26 03:00:00+00:00
604,370,192,,154,2023-06-26 04:00:00+00:00
605,370,197,174.0,147,2023-06-26 05:00:00+00:00
606,370,207,,142,2023-06-26 06:00:00+00:00
607,370,213,,141,2023-06-26 07:00:00+00:00
608,370,219,,127,2023-06-26 08:00:00+00:00
609,370,227,,105,2023-06-26 09:00:00+00:00
610,370,226,,96,2023-06-26 10:00:00+00:00
611,370,229,200.0,103,2023-06-26 11:00:00+00:00
612,370,229,,95,2023-06-26 12:00:00+00:00
613,370,223,,87,2023-06-26 13:00:00+00:00
614,370,219,,89,2023-06-26 14:00:00+00:00
615,370,210,,93,2023-06-26 15:00:00+00:00
616,370,218,,89,2023-06-26 16:00:00+00:00
617,370,211,212.0,82,2023-06-26 17:00:00+00:00
618,370,200,,87,2023-06-26 18:00:00+00:00
619,370,185,,96,2023-06-26 19:00:00+00:00
620,370,168,,97,2023-06-26 20:00:00+00:00
621,370,138,,97,2023-06-26 21:00:00+00:00
622,370,138,,103,2023-06-26 22:00:00+00:00
623,370,139,102.0,108,2023-06-26 23:00:00+00:00
624,370,138,,107,2023-06-27 00:00:00+00:00
625,370,130,,106,2023-06-27 01:00:00+00:00
626,370,135,,111,2023-06-27 02:00:00+00:00
627,370,128,,108,2023-06-27 03:00:00+00:00
628,370,132,,115,2023-06-27 04:00:00+00:00
629,370,166,104.0,130,2023-06-27 05:00:00+00:00
630,370,189,,130,2023-06-27 06:00:00+00:00
631,370,200,,123,2023-06-27 07:00:00+00:00
632,370,205,,107,2023-06-27 08:00:00+00:00
633,370,220,,96,2023-06-27 09:00:00+00:00
634,370,220,,85,2023-06-27 10:00:00+00:00
635,370,230,173.0,89,2023-06-27 11:00:00+00:00
636,370,224,,103,2023-06-27 12:00:00+00:00
637,370,223,,93,2023-06-27 13:00:00+00:00
638,370,224,,91,2023-06-27 14:00:00+00:00
639,370,217,,91,2023-06-27 15:00:00+00:00
640,370,207,,86,2023-06-27 16:00:00+00:00
641,370,200,200.0,84,2023-06-27 17:00:00+00:00
642,370,194,,80,2023-06-27 18:00:00+00:00
643,370,185,,90,2023-06-27 19:00:00+00:00
644,370,181,,100,2023-06-27 20:00:00+00:00
645,370,169,,114,2023-06-27 21:00:00+00:00
646,370,156,,129,2023-06-27 22:00:00+00:00
647,370,159,147.0,125,2023-06-27 23:00:00+00:00
648,370,154,,126,2023-06-28 00:00:00+00:00
649,370,154,,127,2023-06-28 01:00:00+00:00
650,370,153,,126,2023-06-28 02:00:00+00:00
651,370,149,,132,2023-06-28 03:00:00+00:00
652,370,154,,136,2023-06-28 04:00:00+00:00
653,370,158,146.0,136,2023-06-28 05:00:00+00:00
654,370,162,,134,2023-06-28 06:00:00+00:00
655,370,167,,134,2023-06-28 07:00:00+00:00
656,370,183,,132,2023-06-28 08:00:00+00:00
657,370,198,,129,2023-06-28 09:00:00+00:00
658,370,217,,127,2023-06-28 10:00:00+00:00
659,370,242,158.0,146,2023-06-28 11:00:00+00:00
660,370,240,,147,2023-06-28 12:00:00+00:00
661,370,228,,149,2023-06-28 13:00:00+00:00
662,370,223,,154,2023-06-28 14:00:00+00:00
663,370,226,,155,2023-06-28 15:00:00+00:00
664,370,224,,157,2023-06-28 16:00:00+00:00
665,370,222,222.0,157,2023-06-28 17:00:00+00:00
666,370,205,,164,2023-06-28 18:00:00+00:00
667,370,202,,166,2023-06-28 19:00:00+00:00
668,370,197,,164,2023-06-28 20:00:00+00:00
669,370,194,,167,2023-06-28 21:00:00+00:00
670,370,193,,164,2023-06-28 22:00:00+00:00
671,370,185,181.0,168,2023-06-28 23:00:00+00:00
672,370,186,,166,2023-06-29 00:00:00+00:00
673,370,190,,162,2023-06-29 01:00:00+00:00
674,370,189,,165,2023-06-29 02:00:00+00:00
675,370,189,,167,2023-06-29 03:00:00+00:00
676,370,194,,168,2023-06-29 04:00:00+00:00
677,370,199,180.0,164,2023-06-29 05:00:00+00:00
678,370,216,,158,2023-06-29 06:00:00+00:00
679,370,224,,145,2023-06-29 07:00:00+00:00
680,370,235,,144,2023-06-29 08:00:00+00:00
681,370,225,,145,2023-06-29 09:00:00+00:00
682,370,228,,150,2023-06-29 10:00:00+00:00
683,370,236,201.0,152,2023-06-29 11:00:00+00:00
684,370,246,,145,2023-06-29 12:00:00+00:00
685,370,208,,152,2023-06-29 13:00:00+00:00
686,370,217,,162,2023-06-29 14:00:00+00:00
687,370,226,,167,2023-06-29 15:00:00+00:00
688,370,215,,157,2023-06-29 16:00:00+00:00
689,370,195,198.0,153,2023-06-29 17:00:00+00:00
690,370,174,,143,2023-06-29 18:00:00+00:00
691,370,159,,142,2023-06-29 19:00:00+00:00
692,370,158,,132,2023-06-29 20:00:00+00:00
693,370,155,,131,2023-06-29 21:00:00+00:00
694,370,152,,129,2023-06-29 22:00:00+00:00
695,370,146,139.0,125,2023-06-29 23:00:00+00:00
696,370,135,,116,2023-06-30 00:00:00+00:00
697,370,135,,119,2023-06-30 01:00:00+00:00
698,370,121,,112,2023-06-30 02:00:00+00:00
699,370,113,,105,2023-06-30 03:00:00+00:00
700,370,122,,108,2023-06-30 04:00:00+00:00
701,370,151,70.0,111,2023-06-30 05:00:00+00:00
702,370,174,,108,2023-06-30 06:00:00+00:00
703,370,194,,99,2023-06-30 07:00:00+00:00
704,370,196,,81,2023-06-30 08:00:00+00:00
705,370,207,,89,2023-06-30 09:00:00+00:00
706,370,218,,83,2023-06-30 10:00:00+00:00
707,370,214,162.0,88,2023-06-30 11:00:00+00:00
708,370,213,,91,2023-06-30 12:00:00+00:00
709,370,218,,94,2023-06-30 13:00:00+00:00
710,370,227,,91,2023-06-30 14:00:00+00:00
711,370,218,,92,2023-06-30 15:00:00+00:00
712,370,217,,99,2023-06-30 16:00:00+00:00
713,370,214,213.0,108,2023-06-30 17:00:00+00:00
714,370,202,,119,2023-06-30 18:00:00+00:00
715,370,189,,118,2023-06-30 19:00:00+00:00
716,370,183,,88,2023-06-30 20:00:00+00:00
717,370,181,,81,2023-06-30 21:00:00+00:00
718,370,180,,82,2023-06-30 22:00:00+00:00
719,370,178,172.0,88,2023-06-30 23:00:00+00:00
720,370,177,,95,2023-07-01 00:00:00+00:00
721,370,171,,116,2023-07-01 01:00:00+00:00
722,370,161,,133,2023-07-01 02:00:00+00:00
723,370,152,,142,2023-07-01 03:00:00+00:00
724,370,154,,146,2023-07-01 04:00:00+00:00
725,370,156,150.0,148,2023-07-01 05:00:00+00:00
726,370,160,,151,2023-07-01 06:00:00+00:00
727,370,167,,157,2023-07-01 07:00:00+00:00
728,370,171,,162,2023-07-01 08:00:00+00:00
729,370,176,,170,2023-07-01 09:00:00+00:00
730,370,187,,176,2023-07-01 10:00:00+00:00
731,370,202,156.0,176,2023-07-01 11:00:00+00:00
732,370,187,,168,2023-07-01 12:00:00+00:00
733,370,194,,178,2023-07-01 13:00:00+00:00
734,370,195,,159,2023-07-01 14:00:00+00:00
735,370,180,,153,2023-07-01 15:00:00+00:00
736,370,181,,159,2023-07-01 16:00:00+00:00
737,370,190,179.0,153,2023-07-01 17:00:00+00:00
738,370,184,,151,2023-07-01 18:00:00+00:00
739,370,177,,151,2023-07-01 19:00:00+00:00
740,370,176,,147,2023-07-01 20:00:00+00:00
741,370,172,,143,2023-07-01 21:00:00+00:00
742,370,172,,136,2023-07-01 22:00:00+00:00
743,370,170,165.0,129,2023-07-01 23:00:00+00:00
24,370,166,,126,2023-07-02 00:00:00+00:00
25,370,161,,127,2023-07-02 01:00:00+00:00
26,370,152,,125,2023-07-02 02:00:00+00:00
27,370,143,,115,2023-07-02 03:00:00+00:00
28,370,153,,111,2023-07-02 04:00:00+00:00
29,370,164,134.0,99,2023-07-02 05:00:00+00:00
30,370,173,,100,2023-07-02 06:00:00+00:00
31,370,179,,97,2023-07-02 07:00:00+00:00
32,370,183,,85,2023-07-02 08:00:00+00:00
33,370,181,,92,2023-07-02 09:00:00+00:00
34,370,198,,93,2023-07-02 10:00:00+00:00
35,370,204,166.0,96,2023-07-02 11:00:00+00:00
36,370,217,,76,2023-07-02 12:00:00+00:00
37,370,208,,80,2023-07-02 13:00:00+00:00
38,370,214,,78,2023-07-02 14:00:00+00:00
39,370,213,,84,2023-07-02 15:00:00+00:00
40,370,205,,86,2023-07-02 16:00:00+00:00
41,370,199,203.0,90,2023-07-02 17:00:00+00:00
42,370,189,,97,2023-07-02 18:00:00+00:00
43,370,179,,98,2023-07-02 19:00:00+00:00
44,370,165,,86,2023-07-02 20:00:00+00:00
45,370,152,,78,2023-07-02 21:00:00+00:00
46,370,141,,83,2023-07-02 22:00:00+00:00
47,370,144,132.0,85,2023-07-02 23:00:00+00:00
48,370,146,,90,2023-07-03 00:00:00+00:00
49,370,140,,94,2023-07-03 01:00:00+00:00
50,370,132,,101,2023-07-03 02:00:00+00:00
51,370,135,,107,2023-07-03 03:00:00+00:00
52,370,144,,111,2023-07-03 04:00:00+00:00
53,370,153,126.0,113,2023-07-03 05:00:00+00:00
54,370,163,,110,2023-07-03 06:00:00+00:00
55,370,175,,98,2023-07-03 07:00:00+00:00
56,370,188,,95,2023-07-03 08:00:00+00:00
57,370,196,,88,2023-07-03 09:00:00+00:00
58,370,208,,83,2023-07-03 10:00:00+00:00
59,370,196,154.0,74,2023-07-03 11:00:00+00:00
60,370,193,,78,2023-07-03 12:00:00+00:00
61,370,209,,86,2023-07-03 13:00:00+00:00
62,370,199,,77,2023-07-03 14:00:00+00:00
63,370,204,,72,2023-07-03 15:00:00+00:00
64,370,205,,75,2023-07-03 16:00:00+00:00
65,370,199,195.0,81,2023-07-03 17:00:00+00:00
66,370,190,,74,2023-07-03 18:00:00+00:00
67,370,182,,83,2023-07-03 19:00:00+00:00
68,370,177,,88,2023-07-03 20:00:00+00:00
69,370,165,,104,2023-07-03 21:00:00+00:00
70,370,167,,99,2023-07-03 22:00:00+00:00
71,370,159,152.0,103,2023-07-03 23:00:00+00:00
72,370,154,,107,2023-07-04 00:00:00+00:00
73,370,154,,112,2023-07-04 01:00:00+00:00
74,370,148,,109,2023-07-04 02:00:00+00:00
75,370,140,,112,2023-07-04 03:00:00+00:00
76,370,147,,118,2023-07-04 04:00:00+00:00
77,370,158,134.0,119,2023-07-04 05:00:00+00:00
78,370,170,,104,2023-07-04 06:00:00+00:00
79,370,186,,94,2023-07-04 07:00:00+00:00
80,370,191,,88,2023-07-04 08:00:00+00:00
81,370,204,,90,2023-07-04 09:00:00+00:00
82,370,201,,80,2023-07-04 10:00:00+00:00
83,370,215,165.0,91,2023-07-04 11:00:00+00:00
84,370,214,,88,2023-07-04 12:00:00+00:00
85,370,192,,113,2023-07-04 13:00:00+00:00
86,370,218,,95,2023-07-04 14:00:00+00:00
87,370,207,,97,2023-07-04 15:00:00+00:00
88,370,210,,105,2023-07-04 16:00:00+00:00
89,370,188,183.0,122,2023-07-04 17:00:00+00:00
90,370,170,,142,2023-07-04 18:00:00+00:00
91,370,170,,137,2023-07-04 19:00:00+00:00
92,370,168,,131,2023-07-04 20:00:00+00:00
93,370,176,,124,2023-07-04 21:00:00+00:00
94,370,162,,142,2023-07-04 22:00:00+00:00
95,370,160,156.0,144,2023-07-04 23:00:00+00:00
96,370,158,,145,2023-07-05 00:00:00+00:00
97,370,158,,141,2023-07-05 01:00:00+00:00
98,370,139,,109,2023-07-05 02:00:00+00:00
99,370,138,,107,2023-07-05 03:00:00+00:00
100,370,142,,101,2023-07-05 04:00:00+00:00
101,370,141,130.0,98,2023-07-05 05:00:00+00:00
102,370,152,,96,2023-07-05 06:00:00+00:00
103,370,140,,103,2023-07-05 07:00:00+00:00
104,370,171,,104,2023-07-05 08:00:00+00:00
105,370,181,,94,2023-07-05 09:00:00+00:00
106,370,197,,84,2023-07-05 10:00:00+00:00
107,370,211,132.0,85,2023-07-05 11:00:00+00:00
108,370,208,,69,2023-07-05 12:00:00+00:00
109,370,218,,69,2023-07-05 13:00:00+00:00
110,370,217,,82,2023-07-05 14:00:00+00:00
111,370,206,,83,2023-07-05 15:00:00+00:00
112,370,174,,121,2023-07-05 16:00:00+00:00
113,370,150,150.0,125,2023-07-05 17:00:00+00:00
114,370,143,,121,2023-07-05 18:00:00+00:00
115,370,141,,127,2023-07-05 19:00:00+00:00
116,370,135,,123,2023-07-05 20:00:00+00:00
117,370,134,,123,2023-07-05 21:00:00+00:00
118,370,131,,118,2023-07-05 22:00:00+00:00
119,370,124,118.0,111,2023-07-05 23:00:00+00:00
120,370,121,,105,2023-07-06 00:00:00+00:00
121,370,120,,101,2023-07-06 01:00:00+00:00
122,370,116,,99,2023-07-06 02:00:00+00:00
123,370,114,,99,2023-07-06 03:00:00+00:00
124,370,123,,106,2023-07-06 04:00:00+00:00
125,370,137,106.0,117,2023-07-06 05:00:00+00:00
126,370,158,,129,2023-07-06 06:00:00+00:00
127,370,160,,129,2023-07-06 07:00:00+00:00
128,370,184,,135,2023-07-06 08:00:00+00:00
129,370,202,,124,2023-07-06 09:00:00+00:00
130,370,208,,104,2023-07-06 10:00:00+00:00
131,370,216,143.0,104,2023-07-06 11:00:00+00:00
132,370,220,,98,2023-07-06 12:00:00+00:00
133,370,226,,84,2023-07-06 13:00:00+00:00
134,370,218,,92,2023-07-06 14:00:00+00:00
135,370,231,,86,2023-07-06 15:00:00+00:00
136,370,223,,88,2023-07-06 16:00:00+00:00
137,370,221,223.0,89,2023-07-06 17:00:00+00:00
138,370,198,,104,2023-07-06 18:00:00+00:00
139,370,163,,106,2023-07-06 19:00:00+00:00
140,370,145,,107,2023-07-06 20:00:00+00:00
141,370,131,,105,2023-07-06 21:00:00+00:00
142,370,125,,106,2023-07-06 22:00:00+00:00
143,370,122,69.0,105,2023-07-06 23:00:00+00:00
144,370,133,,100,2023-07-07 00:00:00+00:00
145,370,129,,99,2023-07-07 01:00:00+00:00
146,370,120,,99,2023-07-07 02:00:00+00:00
147,370,111,,98,2023-07-07 03:00:00+00:00
148,370,152,,108,2023-07-07 04:00:00+00:00
149,370,185,51.0,102,2023-07-07 05:00:00+00:00
150,370,208,,99,2023-07-07 06:00:00+00:00
151,370,232,,109,2023-07-07 07:00:00+00:00
152,370,251,,91,2023-07-07 08:00:00+00:00
153,370,262,,79,2023-07-07 09:00:00+00:00
154,370,275,,88,2023-07-07 10:00:00+00:00
155,370,275,195.0,81,2023-07-07 11:00:00+00:00
156,370,290,,79,2023-07-07 12:00:00+00:00
157,370,292,,67,2023-07-07 13:00:00+00:00
158,370,293,,68,2023-07-07 14:00:00+00:00
159,370,293,,70,2023-07-07 15:00:00+00:00
160,370,293,,70,2023-07-07 16:00:00+00:00
161,370,280,273.0,61,2023-07-07 17:00:00+00:00
162,370,269,,66,2023-07-07 18:00:00+00:00
163,370,251,,78,2023-07-07 19:00:00+00:00
164,370,237,,98,2023-07-07 20:00:00+00:00
165,370,229,,109,2023-07-07 21:00:00+00:00
166,370,218,,110,2023-07-07 22:00:00+00:00
167,370,209,187.0,111,2023-07-07 23:00:00+00:00
168,370,176,,114,2023-07-08 00:00:00+00:00
169,370,190,,112,2023-07-08 01:00:00+00:00
170,370,178,,113,2023-07-08 02:00:00+00:00
171,370,172,,114,2023-07-08 03:00:00+00:00
172,370,188,,117,2023-07-08 04:00:00+00:00
173,370,210,147.0,122,2023-07-08 05:00:00+00:00
174,370,238,,121,2023-07-08 06:00:00+00:00
175,370,261,,127,2023-07-08 07:00:00+00:00
176,370,287,,131,2023-07-08 08:00:00+00:00
177,370,310,,119,2023-07-08 09:00:00+00:00
178,370,317,,104,2023-07-08 10:00:00+00:00
179,370,336,223.0,110,2023-07-08 11:00:00+00:00
180,370,338,,117,2023-07-08 12:00:00+00:00
181,370,342,,114,2023-07-08 13:00:00+00:00
182,370,326,,125,2023-07-08 14:00:00+00:00
183,370,308,,146,2023-07-08 15:00:00+00:00
184,370,313,,143,2023-07-08 16:00:00+00:00
185,370,315,310.0,141,2023-07-08 17:00:00+00:00
186,370,285,,165,2023-07-08 18:00:00+00:00
187,370,246,,166,2023-07-08 19:00:00+00:00
188,370,229,,171,2023-07-08 20:00:00+00:00
189,370,215,,175,2023-07-08 21:00:00+00:00
190,370,212,,173,2023-07-08 22:00:00+00:00
191,370,201,168.0,169,2023-07-08 23:00:00+00:00
192,370,192,,171,2023-07-09 00:00:00+00:00
193,370,194,,171,2023-07-09 01:00:00+00:00
194,370,202,,174,2023-07-09 02:00:00+00:00
195,370,187,,174,2023-07-09 03:00:00+00:00
196,370,218,,182,2023-07-09 04:00:00+00:00
197,370,253,152.0,178,2023-07-09 05:00:00+00:00
198,370,280,,172,2023-07-09 06:00:00+00:00
199,370,282,,171,2023-07-09 07:00:00+00:00
200,370,301,,169,2023-07-09 08:00:00+00:00
201,370,317,,172,2023-07-09 09:00:00+00:00
202,370,327,,173,2023-07-09 10:00:00+00:00
203,370,317,260.0,183,2023-07-09 11:00:00+00:00
204,370,291,,193,2023-07-09 12:00:00+00:00
205,370,235,,198,2023-07-09 13:00:00+00:00
206,370,230,,194,2023-07-09 14:00:00+00:00
207,370,249,,195,2023-07-09 15:00:00+00:00
208,370,248,,193,2023-07-09 16:00:00+00:00
209,370,240,227.0,188,2023-07-09 17:00:00+00:00
210,370,219,,179,2023-07-09 18:00:00+00:00
211,370,210,,176,2023-07-09 19:00:00+00:00
212,370,200,,171,2023-07-09 20:00:00+00:00
213,370,193,,162,2023-07-09 21:00:00+00:00
214,370,186,,152,2023-07-09 22:00:00+00:00
215,370,183,177.0,153,2023-07-09 23:00:00+00:00
216,370,177,,155,2023-07-10 00:00:00+00:00
217,370,168,,149,2023-07-10 01:00:00+00:00
218,370,159,,151,2023-07-10 02:00:00+00:00
219,370,147,,141,2023-07-10 03:00:00+00:00
220,370,168,,154,2023-07-10 04:00:00+00:00
221,370,183,120.0,150,2023-07-10 05:00:00+00:00
222,370,201,,139,2023-07-10 06:00:00+00:00
223,370,213,,134,2023-07-10 07:00:00+00:00
224,370,233,,119,2023-07-10 08:00:00+00:00
225,370,248,,121,2023-07-10 09:00:00+00:00
226,370,240,,118,2023-07-10 10:00:00+00:00
227,370,258,192.0,125,2023-07-10 11:00:00+00:00
228,370,262,,118,2023-07-10 12:00:00+00:00
229,370,261,,116,2023-07-10 13:00:00+00:00
230,370,269,,119,2023-07-10 14:00:00+00:00
231,370,271,,109,2023-07-10 15:00:00+00:00
232,370,269,,112,2023-07-10 16:00:00+00:00
233,370,263,260.0,118,2023-07-10 17:00:00+00:00
234,370,241,,128,2023-07-10 18:00:00+00:00
235,370,223,,131,2023-07-10 19:00:00+00:00
236,370,188,,134,2023-07-10 20:00:00+00:00
237,370,190,,134,2023-07-10 21:00:00+00:00
238,370,193,,134,2023-07-10 22:00:00+00:00
239,370,176,138.0,133,2023-07-10 23:00:00+00:00
240,370,162,,131,2023-07-11 00:00:00+00:00
241,370,150,,131,2023-07-11 01:00:00+00:00
242,370,150,,132,2023-07-11 02:00:00+00:00
243,370,166,,133,2023-07-11 03:00:00+00:00
244,370,187,,130,2023-07-11 04:00:00+00:00
245,370,210,99.0,133,2023-07-11 05:00:00+00:00
246,370,237,,139,2023-07-11 06:00:00+00:00
247,370,256,,127,2023-07-11 07:00:00+00:00
248,370,271,,137,2023-07-11 08:00:00+00:00
249,370,278,,135,2023-07-11 09:00:00+00:00
250,370,282,,138,2023-07-11 10:00:00+00:00
251,370,290,219.0,142,2023-07-11 11:00:00+00:00
252,370,299,,137,2023-07-11 12:00:00+00:00
253,370,300,,138,2023-07-11 13:00:00+00:00
254,370,300,,146,2023-07-11 14:00:00+00:00
255,370,289,,150,2023-07-11 15:00:00+00:00
256,370,287,,152,2023-07-11 16:00:00+00:00
257,370,269,274.0,174,2023-07-11 17:00:00+00:00
258,370,248,,168,2023-07-11 18:00:00+00:00
259,370,224,,166,2023-07-11 19:00:00+00:00
260,370,210,,146,2023-07-11 20:00:00+00:00
261,370,179,,166,2023-07-11 21:00:00+00:00
262,370,172,,163,2023-07-11 22:00:00+00:00
263,370,167,159.0,162,2023-07-11 23:00:00+00:00
264,370,172,,156,2023-07-12 00:00:00+00:00
265,370,160,,145,2023-07-12 01:00:00+00:00
266,370,154,,146,2023-07-12 02:00:00+00:00
267,370,156,,145,2023-07-12 03:00:00+00:00
268,370,158,,144,2023-07-12 04:00:00+00:00
269,370,168,152.0,145,2023-07-12 05:00:00+00:00
270,370,173,,138,2023-07-12 06:00:00+00:00
271,370,186,,137,2023-07-12 07:00:00+00:00
272,370,191,,137,2023-07-12 08:00:00+00:00
273,370,212,,137,2023-07-12 09:00:00+00:00
274,370,223,,130,2023-07-12 10:00:00+00:00
275,370,236,170.0,129,2023-07-12 11:00:00+00:00
276,370,239,,121,2023-07-12 12:00:00+00:00
277,370,203,,129,2023-07-12 13:00:00+00:00
278,370,210,,127,2023-07-12 14:00:00+00:00
279,370,207,,120,2023-07-12 15:00:00+00:00
280,370,208,,117,2023-07-12 16:00:00+00:00
281,370,206,203.0,119,2023-07-12 17:00:00+00:00
282,370,202,,105,2023-07-12 18:00:00+00:00
283,370,183,,94,2023-07-12 19:00:00+00:00
284,370,168,,92,2023-07-12 20:00:00+00:00
285,370,145,,97,2023-07-12 21:00:00+00:00
286,370,135,,97,2023-07-12 22:00:00+00:00
287,370,133,109.0,103,2023-07-12 23:00:00+00:00
288,370,138,,106,2023-07-13 00:00:00+00:00
289,370,129,,106,2023-07-13 01:00:00+00:00
290,370,128,,109,2023-07-13 02:00:00+00:00
291,370,135,,115,2023-07-13 03:00:00+00:00
292,370,152,,130,2023-07-13 04:00:00+00:00
293,370,161,115.0,132,2023-07-13 05:00:00+00:00
294,370,168,,134,2023-07-13 06:00:00+00:00
295,370,189,,137,2023-07-13 07:00:00+00:00
296,370,193,,129,2023-07-13 08:00:00+00:00
297,370,212,,126,2023-07-13 09:00:00+00:00
298,370,186,,140,2023-07-13 10:00:00+00:00
299,370,209,163.0,118,2023-07-13 11:00:00+00:00
300,370,204,,117,2023-07-13 12:00:00+00:00
301,370,203,,126,2023-07-13 13:00:00+00:00
302,370,202,,129,2023-07-13 14:00:00+00:00
303,370,202,,119,2023-07-13 15:00:00+00:00
304,370,193,,129,2023-07-13 16:00:00+00:00
305,370,187,188.0,131,2023-07-13 17:00:00+00:00
306,370,178,,134,2023-07-13 18:00:00+00:00
307,370,158,,134,2023-07-13 19:00:00+00:00
308,370,151,,134,2023-07-13 20:00:00+00:00
309,370,159,,140,2023-07-13 21:00:00+00:00
310,370,146,,143,2023-07-13 22:00:00+00:00
311,370,135,117.0,133,2023-07-13 23:00:00+00:00
312,370,142,,136,2023-07-14 00:00:00+00:00
313,370,144,,138,2023-07-14 01:00:00+00:00
314,370,139,,135,2023-07-14 02:00:00+00:00
315,370,143,,131,2023-07-14 03:00:00+00:00
316,370,143,,128,2023-07-14 04:00:00+00:00
317,370,162,115.0,133,2023-07-14 05:00:00+00:00
318,370,173,,130,2023-07-14 06:00:00+00:00
319,370,182,,120,2023-07-14 07:00:00+00:00
320,370,204,,127,2023-07-14 08:00:00+00:00
321,370,215,,123,2023-07-14 09:00:00+00:00
322,370,221,,125,2023-07-14 10:00:00+00:00
323,370,236,163.0,128,2023-07-14 11:00:00+00:00
324,370,244,,124,2023-07-14 12:00:00+00:00
325,370,252,,115,2023-07-14 13:00:00+00:00
326,370,249,,113,2023-07-14 14:00:00+00:00
327,370,254,,106,2023-07-14 15:00:00+00:00
328,370,263,,107,2023-07-14 16:00:00+00:00
329,370,256,254.0,109,2023-07-14 17:00:00+00:00
330,370,245,,118,2023-07-14 18:00:00+00:00
331,370,236,,119,2023-07-14 19:00:00+00:00
332,370,233,,123,2023-07-14 20:00:00+00:00
333,370,233,,121,2023-07-14 21:00:00+00:00
334,370,231,,115,2023-07-14 22:00:00+00:00
335,370,218,209.0,111,2023-07-14 23:00:00+00:00
336,370,213,,107,2023-07-15 00:00:00+00:00
337,370,198,,108,2023-07-15 01:00:00+00:00
338,370,180,,112,2023-07-15 02:00:00+00:00
339,370,161,,116,2023-07-15 03:00:00+00:00
340,370,192,,122,2023-07-15 04:00:00+00:00
341,370,215,120.0,133,2023-07-15 05:00:00+00:00
342,370,235,,145,2023-07-15 06:00:00+00:00
343,370,241,,161,2023-07-15 07:00:00+00:00
344,370,238,,148,2023-07-15 08:00:00+00:00
345,370,231,,154,2023-07-15 09:00:00+00:00
346,370,227,,165,2023-07-15 10:00:00+00:00
347,370,236,217.0,161,2023-07-15 11:00:00+00:00
348,370,263,,169,2023-07-15 12:00:00+00:00
349,370,265,,156,2023-07-15 13:00:00+00:00
350,370,267,,150,2023-07-15 14:00:00+00:00
351,370,216,,149,2023-07-15 15:00:00+00:00
352,370,193,,172,2023-07-15 16:00:00+00:00
353,370,192,186.0,178,2023-07-15 17:00:00+00:00
354,370,184,,175,2023-07-15 18:00:00+00:00
355,370,183,,171,2023-07-15 19:00:00+00:00
356,370,178,,170,2023-07-15 20:00:00+00:00
357,370,176,,169,2023-07-15 21:00:00+00:00
358,370,168,,143,2023-07-15 22:00:00+00:00
359,370,150,134.0,130,2023-07-15 23:00:00+00:00
360,370,152,,133,2023-07-16 00:00:00+00:00
361,370,152,,144,2023-07-16 01:00:00+00:00
362,370,153,,138,2023-07-16 02:00:00+00:00
363,370,146,,117,2023-07-16 03:00:00+00:00
364,370,151,,113,2023-07-16 04:00:00+00:00
365,370,164,137.0,111,2023-07-16 05:00:00+00:00
366,370,179,,116,2023-07-16 06:00:00+00:00
367,370,192,,119,2023-07-16 07:00:00+00:00
368,370,204,,121,2023-07-16 08:00:00+00:00
369,370,203,,116,2023-07-16 09:00:00+00:00
370,370,202,,118,2023-07-16 10:00:00+00:00
371,370,190,166.0,125,2023-07-16 11:00:00+00:00
372,370,220,,135,2023-07-16 12:00:00+00:00
373,370,217,,122,2023-07-16 13:00:00+00:00
374,370,218,,122,2023-07-16 14:00:00+00:00
375,370,213,,120,2023-07-16 15:00:00+00:00
376,370,224,,103,2023-07-16 16:00:00+00:00
377,370,212,187.0,119,2023-07-16 17:00:00+00:00
378,370,200,,125,2023-07-16 18:00:00+00:00
379,370,181,,137,2023-07-16 19:00:00+00:00
380,370,170,,134,2023-07-16 20:00:00+00:00
381,370,163,,139,2023-07-16 21:00:00+00:00
382,370,163,,140,2023-07-16 22:00:00+00:00
383,370,155,146.0,137,2023-07-16 23:00:00+00:00
384,370,149,,130,2023-07-17 00:00:00+00:00
385,370,146,,127,2023-07-17 01:00:00+00:00
386,370,137,,120,2023-07-17 02:00:00+00:00
387,370,129,,116,2023-07-17 03:00:00+00:00
388,370,139,,122,2023-07-17 04:00:00+00:00
389,370,159,120.0,125,2023-07-17 05:00:00+00:00
390,370,172,,123,2023-07-17 06:00:00+00:00
391,370,188,,122,2023-07-17 07:00:00+00:00
392,370,195,,114,2023-07-17 08:00:00+00:00
393,370,198,,97,2023-07-17 09:00:00+00:00
394,370,224,,103,2023-07-17 10:00:00+00:00
395,370,201,163.0,101,2023-07-17 11:00:00+00:00
396,370,227,,113,2023-07-17 12:00:00+00:00
397,370,156,,122,2023-07-17 13:00:00+00:00
398,370,168,,151,2023-07-17 14:00:00+00:00
399,370,194,,152,2023-07-17 15:00:00+00:00
400,370,201,,110,2023-07-17 16:00:00+00:00
401,370,201,155.0,111,2023-07-17 17:00:00+00:00
402,370,191,,118,2023-07-17 18:00:00+00:00
403,370,150,,125,2023-07-17 19:00:00+00:00
404,370,139,,124,2023-07-17 20:00:00+00:00
405,370,132,,126,2023-07-17 21:00:00+00:00
406,370,130,,122,2023-07-17 22:00:00+00:00
407,370,125,93.0,116,2023-07-17 23:00:00+00:00
408,370,119,,112,2023-07-18 00:00:00+00:00
409,370,116,,108,2023-07-18 01:00:00+00:00
410,370,106,,95,2023-07-18 02:00:00+00:00
411,370,107,,94,2023-07-18 03:00:00+00:00
412,370,119,,107,2023-07-18 04:00:00+00:00
413,370,144,61.0,115,2023-07-18 05:00:00+00:00
414,370,171,,114,2023-07-18 06:00:00+00:00
415,370,186,,107,2023-07-18 07:00:00+00:00
416,370,207,,99,2023-07-18 08:00:00+00:00
417,370,212,,97,2023-07-18 09:00:00+00:00
418,370,218,,89,2023-07-18 10:00:00+00:00
419,370,235,150.0,97,2023-07-18 11:00:00+00:00
420,370,236,,77,2023-07-18 12:00:00+00:00
421,370,242,,51,2023-07-18 13:00:00+00:00
422,370,244,,58,2023-07-18 14:00:00+00:00
423,370,247,,52,2023-07-18 15:00:00+00:00
424,370,244,,59,2023-07-18 16:00:00+00:00
425,370,235,242.0,69,2023-07-18 17:00:00+00:00
426,370,220,,94,2023-07-18 18:00:00+00:00
427,370,198,,126,2023-07-18 19:00:00+00:00
428,370,177,,123,2023-07-18 20:00:00+00:00
429,370,152,,120,2023-07-18 21:00:00+00:00
430,370,148,,122,2023-07-18 22:00:00+00:00
431,370,142,106.0,122,2023-07-18 23:00:00+00:00
432,370,133,,120,2023-07-19 00:00:00+00:00
433,370,133,,120,2023-07-19 01:00:00+00:00
434,370,140,,126,2023-07-19 02:00:00+00:00
435,370,143,,125,2023-07-19 03:00:00+00:00
436,370,149,,131,2023-07-19 04:00:00+00:00
437,370,175,104.0,133,2023-07-19 05:00:00+00:00
438,370,191,,134,2023-07-19 06:00:00+00:00
439,370,202,,122,2023-07-19 07:00:00+00:00
440,370,212,,118,2023-07-19 08:00:00+00:00
441,370,213,,131,2023-07-19 09:00:00+00:00
442,370,219,,126,2023-07-19 10:00:00+00:00
443,370,228,176.0,127,2023-07-19 11:00:00+00:00
444,370,218,,128,2023-07-19 12:00:00+00:00
445,370,225,,121,2023-07-19 13:00:00+00:00
446,370,222,,117,2023-07-19 14:00:00+00:00
447,370,210,,120,2023-07-19 15:00:00+00:00
448,370,203,,125,2023-07-19 16:00:00+00:00
449,370,201,201.0,126,2023-07-19 17:00:00+00:00
450,370,191,,131,2023-07-19 18:00:00+00:00
451,370,174,,138,2023-07-19 19:00:00+00:00
452,370,161,,137,2023-07-19 20:00:00+00:00
453,370,158,,138,2023-07-19 21:00:00+00:00
454,370,166,,139,2023-07-19 22:00:00+00:00
455,370,151,134.0,137,2023-07-19 23:00:00+00:00
456,370,139,,127,2023-07-20 00:00:00+00:00
457,370,146,,135,2023-07-20 01:00:00+00:00
458,370,150,,139,2023-07-20 02:00:00+00:00
459,370,152,,141,2023-07-20 03:00:00+00:00
460,370,155,,133,2023-07-20 04:00:00+00:00
461,370,160,122.0,136,2023-07-20 05:00:00+00:00
462,370,170,,125,2023-07-20 06:00:00+00:00
463,370,175,,122,2023-07-20 07:00:00+00:00
464,370,194,,118,2023-07-20 08:00:00+00:00
465,370,212,,109,2023-07-20 09:00:00+00:00
466,370,201,,104,2023-07-20 10:00:00+00:00
467,370,204,168.0,108,2023-07-20 11:00:00+00:00
468,370,210,,110,2023-07-20 12:00:00+00:00
469,370,219,,100,2023-07-20 13:00:00+00:00
470,370,212,,102,2023-07-20 14:00:00+00:00
471,370,207,,114,2023-07-20 15:00:00+00:00
472,370,201,,118,2023-07-20 16:00:00+00:00
473,370,181,180.0,114,2023-07-20 17:00:00+00:00
474,370,182,,107,2023-07-20 18:00:00+00:00
475,370,171,,110,2023-07-20 19:00:00+00:00
476,370,132,,108,2023-07-20 20:00:00+00:00
477,370,121,,105,2023-07-20 21:00:00+00:00
478,370,114,,109,2023-07-20 22:00:00+00:00
479,370,106,62.0,99,2023-07-20 23:00:00+00:00
480,370,110,,105,2023-07-21 00:00:00+00:00
481,370,103,,97,2023-07-21 01:00:00+00:00
482,370,94,,87,2023-07-21 02:00:00+00:00
483,370,91,,85,2023-07-21 03:00:00+00:00
484,370,107,,104,2023-07-21 04:00:00+00:00
485,370,143,55.0,126,2023-07-21 05:00:00+00:00
486,370,172,,131,2023-07-21 06:00:00+00:00
487,370,193,,124,2023-07-21 07:00:00+00:00
488,370,198,,117,2023-07-21 08:00:00+00:00
489,370,207,,104,2023-07-21 09:00:00+00:00
490,370,179,,100,2023-07-21 10:00:00+00:00
491,370,175,150.0,134,2023-07-21 11:00:00+00:00
492,370,191,,127,2023-07-21 12:00:00+00:00
493,370,189,,119,2023-07-21 13:00:00+00:00
494,370,209,,86,2023-07-21 14:00:00+00:00
495,370,204,,77,2023-07-21 15:00:00+00:00
496,370,199,,72,2023-07-21 16:00:00+00:00
497,370,188,182.0,85,2023-07-21 17:00:00+00:00
498,370,170,,82,2023-07-21 18:00:00+00:00
499,370,143,,86,2023-07-21 19:00:00+00:00
500,370,127,,90,2023-07-21 20:00:00+00:00
501,370,140,,102,2023-07-21 21:00:00+00:00
502,370,142,,102,2023-07-21 22:00:00+00:00
503,370,141,102.0,103,2023-07-21 23:00:00+00:00
504,370,138,,104,2023-07-22 00:00:00+00:00
505,370,136,,106,2023-07-22 01:00:00+00:00
506,370,129,,103,2023-07-22 02:00:00+00:00
507,370,120,,101,2023-07-22 03:00:00+00:00
508,370,134,,108,2023-07-22 04:00:00+00:00
509,370,145,103.0,114,2023-07-22 05:00:00+00:00
510,370,161,,124,2023-07-22 06:00:00+00:00
511,370,179,,134,2023-07-22 07:00:00+00:00
512,370,197,,131,2023-07-22 08:00:00+00:00
513,370,197,,126,2023-07-22 09:00:00+00:00
514,370,209,,107,2023-07-22 10:00:00+00:00
515,370,213,148.0,104,2023-07-22 11:00:00+00:00
516,370,221,,98,2023-07-22 12:00:00+00:00
517,370,225,,86,2023-07-22 13:00:00+00:00
518,370,211,,85,2023-07-22 14:00:00+00:00
519,370,199,,112,2023-07-22 15:00:00+00:00
520,370,198,,104,2023-07-22 16:00:00+00:00
521,370,194,192.0,100,2023-07-22 17:00:00+00:00
522,370,171,,126,2023-07-22 18:00:00+00:00
523,370,159,,141,2023-07-22 19:00:00+00:00
524,370,155,,134,2023-07-22 20:00:00+00:00
525,370,149,,140,2023-07-22 21:00:00+00:00
526,370,150,,136,2023-07-22 22:00:00+00:00
527,370,153,145.0,133,2023-07-22 23:00:00+00:00
528,370,153,,132,2023-07-23 00:00:00+00:00
529,370,154,,129,2023-07-23 01:00:00+00:00
530,370,162,,119,2023-07-23 02:00:00+00:00
531,370,167,,111,2023-07-23 03:00:00+00:00
532,370,172,,108,2023-07-23 04:00:00+00:00
533,370,165,146.0,117,2023-07-23 05:00:00+00:00
534,370,164,,121,2023-07-23 06:00:00+00:00
535,370,154,,137,2023-07-23 07:00:00+00:00
536,370,159,,148,2023-07-23 08:00:00+00:00
537,370,160,,150,2023-07-23 09:00:00+00:00
538,370,169,,155,2023-07-23 10:00:00+00:00
539,370,191,152.0,160,2023-07-23 11:00:00+00:00
540,370,208,,159,2023-07-23 12:00:00+00:00
541,370,220,,158,2023-07-23 13:00:00+00:00
542,370,216,,180,2023-07-23 14:00:00+00:00
543,370,188,,177,2023-07-23 15:00:00+00:00
544,370,194,,181,2023-07-23 16:00:00+00:00
545,370,194,190.0,177,2023-07-23 17:00:00+00:00
546,370,182,,176,2023-07-23 18:00:00+00:00
547,370,183,,176,2023-07-23 19:00:00+00:00
548,370,180,,172,2023-07-23 20:00:00+00:00
549,370,175,,168,2023-07-23 21:00:00+00:00
550,370,178,,170,2023-07-23 22:00:00+00:00
551,370,178,171.0,171,2023-07-23 23:00:00+00:00
552,370,177,,170,2023-07-24 00:00:00+00:00
553,370,175,,171,2023-07-24 01:00:00+00:00
554,370,173,,168,2023-07-24 02:00:00+00:00
555,370,166,,160,2023-07-24 03:00:00+00:00
556,370,159,,154,2023-07-24 04:00:00+00:00
557,370,164,158.0,158,2023-07-24 05:00:00+00:00
558,370,169,,157,2023-07-24 06:00:00+00:00
559,370,180,,163,2023-07-24 07:00:00+00:00
560,370,184,,163,2023-07-24 08:00:00+00:00
561,370,181,,155,2023-07-24 09:00:00+00:00
562,370,185,,158,2023-07-24 10:00:00+00:00
563,370,189,165.0,166,2023-07-24 11:00:00+00:00
564,370,197,,172,2023-07-24 12:00:00+00:00
565,370,178,,149,2023-07-24 13:00:00+00:00
566,370,194,,163,2023-07-24 14:00:00+00:00
567,370,172,,148,2023-07-24 15:00:00+00:00
568,370,181,,151,2023-07-24 16:00:00+00:00
569,370,172,160.0,140,2023-07-24 17:00:00+00:00
570,370,160,,128,2023-07-24 18:00:00+00:00
571,370,158,,130,2023-07-24 19:00:00+00:00
572,370,154,,122,2023-07-24 20:00:00+00:00
573,370,139,,114,2023-07-24 21:00:00+00:00
574,370,116,,112,2023-07-24 22:00:00+00:00
575,370,115,91.0,109,2023-07-24 23:00:00+00:00
576,370,114,,109,2023-07-25 00:00:00+00:00
577,370,115,,111,2023-07-25 01:00:00+00:00
578,370,109,,104,2023-07-25 02:00:00+00:00
579,370,112,,105,2023-07-25 03:00:00+00:00
580,370,119,,113,2023-07-25 04:00:00+00:00
581,370,132,93.0,116,2023-07-25 05:00:00+00:00
582,370,154,,119,2023-07-25 06:00:00+00:00
583,370,159,,109,2023-07-25 07:00:00+00:00
584,370,176,,97,2023-07-25 08:00:00+00:00
585,370,184,,102,2023-07-25 09:00:00+00:00
586,370,187,,86,2023-07-25 10:00:00+00:00
587,370,200,135.0,92,2023-07-25 11:00:00+00:00
588,370,198,,71,2023-07-25 12:00:00+00:00
589,370,208,,78,2023-07-25 13:00:00+00:00
590,370,202,,82,2023-07-25 14:00:00+00:00
591,370,201,,88,2023-07-25 15:00:00+00:00
592,370,195,,84,2023-07-25 16:00:00+00:00
593,370,185,188.0,75,2023-07-25 17:00:00+00:00
594,370,163,,84,2023-07-25 18:00:00+00:00
595,370,147,,92,2023-07-25 19:00:00+00:00
596,370,122,,96,2023-07-25 20:00:00+00:00
597,370,129,,100,2023-07-25 21:00:00+00:00
598,370,130,,102,2023-07-25 22:00:00+00:00
599,370,131,103.0,100,2023-07-25 23:00:00+00:00
600,370,131,,101,2023-07-26 00:00:00+00:00
601,370,138,,96,2023-07-26 01:00:00+00:00
602,370,114,,97,2023-07-26 02:00:00+00:00
603,370,109,,99,2023-07-26 03:00:00+00:00
604,370,119,,111,2023-07-26 04:00:00+00:00
605,370,144,89.0,123,2023-07-26 05:00:00+00:00
606,370,147,,126,2023-07-26 06:00:00+00:00
607,370,160,,131,2023-07-26 07:00:00+00:00
608,370,183,,129,2023-07-26 08:00:00+00:00
609,370,179,,113,2023-07-26 09:00:00+00:00
610,370,186,,105,2023-07-26 10:00:00+00:00
611,370,218,147.0,101,2023-07-26 11:00:00+00:00
612,370,198,,93,2023-07-26 12:00:00+00:00
613,370,212,,91,2023-07-26 13:00:00+00:00
614,370,218,,76,2023-07-26 14:00:00+00:00
615,370,218,,73,2023-07-26 15:00:00+00:00
616,370,217,,81,2023-07-26 16:00:00+00:00
617,370,200,196.0,86,2023-07-26 17:00:00+00:00
618,370,179,,117,2023-07-26 18:00:00+00:00
619,370,169,,120,2023-07-26 19:00:00+00:00
620,370,162,,120,2023-07-26 20:00:00+00:00
621,370,151,,122,2023-07-26 21:00:00+00:00
622,370,165,,119,2023-07-26 22:00:00+00:00
623,370,155,138.0,126,2023-07-26 23:00:00+00:00
624,370,146,,133,2023-07-27 00:00:00+00:00
625,370,142,,132,2023-07-27 01:00:00+00:00
626,370,143,,134,2023-07-27 02:00:00+00:00
627,370,144,,139,2023-07-27 03:00:00+00:00
628,370,146,,140,2023-07-27 04:00:00+00:00
629,370,154,140.0,149,2023-07-27 05:00:00+00:00
630,370,162,,156,2023-07-27 06:00:00+00:00
631,370,169,,164,2023-07-27 07:00:00+00:00
632,370,175,,166,2023-07-27 08:00:00+00:00
633,370,175,,166,2023-07-27 09:00:00+00:00
634,370,181,,172,2023-07-27 10:00:00+00:00
635,370,186,154.0,178,2023-07-27 11:00:00+00:00
636,370,189,,182,2023-07-27 12:00:00+00:00
637,370,186,,178,2023-07-27 13:00:00+00:00
638,370,183,,176,2023-07-27 14:00:00+00:00
639,370,183,,175,2023-07-27 15:00:00+00:00
640,370,182,,173,2023-07-27 16:00:00+00:00
641,370,178,178.0,171,2023-07-27 17:00:00+00:00
642,370,175,,170,2023-07-27 18:00:00+00:00
643,370,175,,169,2023-07-27 19:00:00+00:00
644,370,175,,169,2023-07-27 20:00:00+00:00
645,370,174,,168,2023-07-27 21:00:00+00:00
646,370,174,,169,2023-07-27 22:00:00+00:00
647,370,173,173.0,169,2023-07-27 23:00:00+00:00
648,370,174,,170,2023-07-28 00:00:00+00:00
649,370,174,,171,2023-07-28 01:00:00+00:00
650,370,176,,171,2023-07-28 02:00:00+00:00
651,370,176,,169,2023-07-28 03:00:00+00:00
652,370,176,,171,2023-07-28 04:00:00+00:00
653,370,181,173.0,173,2023-07-28 05:00:00+00:00
654,370,186,,175,2023-07-28 06:00:00+00:00
655,370,189,,176,2023-07-28 07:00:00+00:00
656,370,205,,179,2023-07-28 08:00:00+00:00
657,370,213,,175,2023-07-28 09:00:00+00:00
658,370,230,,176,2023-07-28 10:00:00+00:00
659,370,226,181.0,169,2023-07-28 11:00:00+00:00
660,370,233,,173,2023-07-28 12:00:00+00:00
661,370,229,,172,2023-07-28 13:00:00+00:00
662,370,225,,164,2023-07-28 14:00:00+00:00
663,370,224,,162,2023-07-28 15:00:00+00:00
664,370,235,,158,2023-07-28 16:00:00+00:00
665,370,226,219.0,156,2023-07-28 17:00:00+00:00
666,370,211,,162,2023-07-28 18:00:00+00:00
667,370,184,,164,2023-07-28 19:00:00+00:00
668,370,196,,167,2023-07-28 20:00:00+00:00
669,370,176,,160,2023-07-28 21:00:00+00:00
670,370,170,,164,2023-07-28 22:00:00+00:00
671,370,168,137.0,163,2023-07-28 23:00:00+00:00
672,370,167,,162,2023-07-29 00:00:00+00:00
673,370,171,,155,2023-07-29 01:00:00+00:00
674,370,159,,146,2023-07-29 02:00:00+00:00
675,370,155,,147,2023-07-29 03:00:00+00:00
676,370,160,,146,2023-07-29 04:00:00+00:00
677,370,176,147.0,148,2023-07-29 05:00:00+00:00
678,370,186,,148,2023-07-29 06:00:00+00:00
679,370,204,,150,2023-07-29 07:00:00+00:00
680,370,214,,152,2023-07-29 08:00:00+00:00
681,370,209,,150,2023-07-29 09:00:00+00:00
682,370,217,,153,2023-07-29 10:00:00+00:00
683,370,215,178.0,163,2023-07-29 11:00:00+00:00
684,370,184,,168,2023-07-29 12:00:00+00:00
685,370,220,,176,2023-07-29 13:00:00+00:00
686,370,231,,167,2023-07-29 14:00:00+00:00
687,370,219,,171,2023-07-29 15:00:00+00:00
688,370,203,,179,2023-07-29 16:00:00+00:00
689,370,211,169.0,167,2023-07-29 17:00:00+00:00
690,370,199,,166,2023-07-29 18:00:00+00:00
691,370,181,,122,2023-07-29 19:00:00+00:00
692,370,153,,118,2023-07-29 20:00:00+00:00
693,370,162,,118,2023-07-29 21:00:00+00:00
694,370,147,,113,2023-07-29 22:00:00+00:00
695,370,154,135.0,114,2023-07-29 23:00:00+00:00
696,370,144,,115,2023-07-30 00:00:00+00:00
697,370,147,,119,2023-07-30 01:00:00+00:00
698,370,150,,124,2023-07-30 02:00:00+00:00
699,370,149,,127,2023-07-30 03:00:00+00:00
700,370,154,,130,2023-07-30 04:00:00+00:00
701,370,160,129.0,135,2023-07-30 05:00:00+00:00
702,370,169,,138,2023-07-30 06:00:00+00:00
703,370,177,,137,2023-07-30 07:00:00+00:00
704,370,188,,135,2023-07-30 08:00:00+00:00
705,370,198,,130,2023-07-30 09:00:00+00:00
706,370,215,,126,2023-07-30 10:00:00+00:00
707,370,211,161.0,124,2023-07-30 11:00:00+00:00
708,370,206,,120,2023-07-30 12:00:00+00:00
709,370,213,,118,2023-07-30 13:00:00+00:00
710,370,220,,108,2023-07-30 14:00:00+00:00
711,370,213,,99,2023-07-30 15:00:00+00:00
712,370,186,,134,2023-07-30 16:00:00+00:00
713,370,165,163.0,144,2023-07-30 17:00:00+00:00
714,370,157,,149,2023-07-30 18:00:00+00:00
715,370,147,,142,2023-07-30 19:00:00+00:00
716,370,147,,143,2023-07-30 20:00:00+00:00
717,370,159,,153,2023-07-30 21:00:00+00:00
718,370,163,,155,2023-07-30 22:00:00+00:00
719,370,163,145.0,152,2023-07-30 23:00:00+00:00
720,370,163,,148,2023-07-31 00:00:00+00:00
721,370,162,,140,2023-07-31 01:00:00+00:00
722,370,161,,139,2023-07-31 02:00:00+00:00
723,370,164,,144,2023-07-31 03:00:00+00:00
724,370,167,,149,2023-07-31 04:00:00+00:00
725,370,161,156.0,155,2023-07-31 05:00:00+00:00
726,370,163,,156,2023-07-31 06:00:00+00:00
727,370,166,,157,2023-07-31 07:00:00+00:00
728,370,168,,159,2023-07-31 08:00:00+00:00
729,370,177,,159,2023-07-31 09:00:00+00:00
730,370,185,,161,2023-07-31 10:00:00+00:00
731,370,181,161.0,165,2023-07-31 11:00:00+00:00
732,370,193,,161,2023-07-31 12:00:00+00:00
733,370,182,,167,2023-07-31 13:00:00+00:00
734,370,180,,168,2023-07-31 14:00:00+00:00
735,370,174,,166,2023-07-31 15:00:00+00:00
736,370,174,,167,2023-07-31 16:00:00+00:00
737,370,175,172.0,168,2023-07-31 17:00:00+00:00
738,370,172,,165,2023-07-31 18:00:00+00:00
739,370,169,,163,2023-07-31 19:00:00+00:00
740,370,162,,156,2023-07-31 20:00:00+00:00
741,370,162,,159,2023-07-31 21:00:00+00:00
742,370,165,,162,2023-07-31 22:00:00+00:00
743,370,167,161.0,156,2023-07-31 23:00:00+00:00
24,370,159,,148,2023-08-01 00:00:00+00:00
25,370,150,,142,2023-08-01 01:00:00+00:00
26,370,150,,143,2023-08-01 02:00:00+00:00
27,370,152,,145,2023-08-01 03:00:00+00:00
28,370,154,,145,2023-08-01 04:00:00+00:00
29,370,161,142.0,149,2023-08-01 05:00:00+00:00
30,370,160,,150,2023-08-01 06:00:00+00:00
31,370,172,,149,2023-08-01 07:00:00+00:00
32,370,182,,147,2023-08-01 08:00:00+00:00
33,370,186,,140,2023-08-01 09:00:00+00:00
34,370,194,,136,2023-08-01 10:00:00+00:00
35,370,200,159.0,125,2023-08-01 11:00:00+00:00
36,370,218,,112,2023-08-01 12:00:00+00:00
37,370,204,,110,2023-08-01 13:00:00+00:00
38,370,214,,112,2023-08-01 14:00:00+00:00
39,370,212,,109,2023-08-01 15:00:00+00:00
40,370,194,,113,2023-08-01 16:00:00+00:00
41,370,187,186.0,113,2023-08-01 17:00:00+00:00
42,370,182,,121,2023-08-01 18:00:00+00:00
43,370,161,,122,2023-08-01 19:00:00+00:00
44,370,164,,132,2023-08-01 20:00:00+00:00
45,370,157,,134,2023-08-01 21:00:00+00:00
46,370,158,,136,2023-08-01 22:00:00+00:00
47,370,150,143.0,133,2023-08-01 23:00:00+00:00
48,370,155,,135,2023-08-02 00:00:00+00:00
49,370,155,,138,2023-08-02 01:00:00+00:00
50,370,156,,139,2023-08-02 02:00:00+00:00
51,370,155,,143,2023-08-02 03:00:00+00:00
52,370,157,,145,2023-08-02 04:00:00+00:00
53,370,154,142.0,149,2023-08-02 05:00:00+00:00
54,370,159,,151,2023-08-02 06:00:00+00:00
55,370,165,,159,2023-08-02 07:00:00+00:00
56,370,183,,177,2023-08-02 08:00:00+00:00
57,370,199,,183,2023-08-02 09:00:00+00:00
58,370,200,,183,2023-08-02 10:00:00+00:00
59,370,216,155.0,188,2023-08-02 11:00:00+00:00
60,370,233,,153,2023-08-02 12:00:00+00:00
61,370,232,,142,2023-08-02 13:00:00+00:00
62,370,222,,129,2023-08-02 14:00:00+00:00
63,370,199,,132,2023-08-02 15:00:00+00:00
64,370,200,,127,2023-08-02 16:00:00+00:00
65,370,184,175.0,141,2023-08-02 17:00:00+00:00
66,370,170,,153,2023-08-02 18:00:00+00:00
67,370,167,,151,2023-08-02 19:00:00+00:00
68,370,165,,149,2023-08-02 20:00:00+00:00
69,370,167,,149,2023-08-02 21:00:00+00:00
70,370,161,,146,2023-08-02 22:00:00+00:00
71,370,161,155.0,151,2023-08-02 23:00:00+00:00
72,370,164,,153,2023-08-03 00:00:00+00:00
73,370,161,,152,2023-08-03 01:00:00+00:00
74,370,162,,152,2023-08-03 02:00:00+00:00
75,370,161,,151,2023-08-03 03:00:00+00:00
76,370,161,,152,2023-08-03 04:00:00+00:00
77,370,163,158.0,150,2023-08-03 05:00:00+00:00
78,370,167,,149,2023-08-03 06:00:00+00:00
79,370,171,,148,2023-08-03 07:00:00+00:00
80,370,162,,151,2023-08-03 08:00:00+00:00
81,370,167,,159,2023-08-03 09:00:00+00:00
82,370,178,,162,2023-08-03 10:00:00+00:00
83,370,168,161.0,157,2023-08-03 11:00:00+00:00
84,370,172,,159,2023-08-03 12:00:00+00:00
85,370,181,,158,2023-08-03 13:00:00+00:00
86,370,188,,152,2023-08-03 14:00:00+00:00
87,370,192,,145,2023-08-03 15:00:00+00:00
88,370,180,,146,2023-08-03 16:00:00+00:00
89,370,168,166.0,128,2023-08-03 17:00:00+00:00
90,370,165,,132,2023-08-03 18:00:00+00:00
91,370,154,,133,2023-08-03 19:00:00+00:00
92,370,148,,135,2023-08-03 20:00:00+00:00
93,370,147,,131,2023-08-03 21:00:00+00:00
94,370,139,,129,2023-08-03 22:00:00+00:00
95,370,129,116.0,121,2023-08-03 23:00:00+00:00
96,370,124,,120,2023-08-04 00:00:00+00:00
97,370,128,,123,2023-08-04 01:00:00+00:00
98,370,126,,121,2023-08-04 02:00:00+00:00
99,370,128,,124,2023-08-04 03:00:00+00:00
100,370,129,,126,2023-08-04 04:00:00+00:00
101,370,152,110.0,140,2023-08-04 05:00:00+00:00
102,370,164,,144,2023-08-04 06:00:00+00:00
103,370,174,,143,2023-08-04 07:00:00+00:00
104,370,183,,138,2023-08-04 08:00:00+00:00
105,370,199,,143,2023-08-04 09:00:00+00:00
106,370,188,,140,2023-08-04 10:00:00+00:00
107,370,187,155.0,138,2023-08-04 11:00:00+00:00
108,370,165,,135,2023-08-04 12:00:00+00:00
109,370,192,,156,2023-08-04 13:00:00+00:00
110,370,186,,147,2023-08-04 14:00:00+00:00
111,370,210,,131,2023-08-04 15:00:00+00:00
112,370,204,,121,2023-08-04 16:00:00+00:00
113,370,191,170.0,122,2023-08-04 17:00:00+00:00
114,370,175,,126,2023-08-04 18:00:00+00:00
115,370,157,,126,2023-08-04 19:00:00+00:00
116,370,143,,123,2023-08-04 20:00:00+00:00
117,370,128,,117,2023-08-04 21:00:00+00:00
118,370,127,,121,2023-08-04 22:00:00+00:00
119,370,126,104.0,122,2023-08-04 23:00:00+00:00
120,370,133,,127,2023-08-05 00:00:00+00:00
121,370,127,,122,2023-08-05 01:00:00+00:00
122,370,124,,121,2023-08-05 02:00:00+00:00
123,370,117,,115,2023-08-05 03:00:00+00:00
124,370,124,,122,2023-08-05 04:00:00+00:00
125,370,141,102.0,135,2023-08-05 05:00:00+00:00
126,370,155,,137,2023-08-05 06:00:00+00:00
127,370,176,,139,2023-08-05 07:00:00+00:00
128,370,183,,133,2023-08-05 08:00:00+00:00
129,370,184,,137,2023-08-05 09:00:00+00:00
130,370,182,,134,2023-08-05 10:00:00+00:00
131,370,171,148.0,118,2023-08-05 11:00:00+00:00
132,370,159,,136,2023-08-05 12:00:00+00:00
133,370,157,,137,2023-08-05 13:00:00+00:00
134,370,166,,132,2023-08-05 14:00:00+00:00
135,370,172,,132,2023-08-05 15:00:00+00:00
136,370,169,,115,2023-08-05 16:00:00+00:00
137,370,156,151.0,131,2023-08-05 17:00:00+00:00
138,370,157,,132,2023-08-05 18:00:00+00:00
139,370,158,,133,2023-08-05 19:00:00+00:00
140,370,158,,135,2023-08-05 20:00:00+00:00
141,370,152,,139,2023-08-05 21:00:00+00:00
142,370,149,,140,2023-08-05 22:00:00+00:00
143,370,148,145.0,140,2023-08-05 23:00:00+00:00
144,370,146,,142,2023-08-06 00:00:00+00:00
145,370,144,,140,2023-08-06 01:00:00+00:00
146,370,147,,141,2023-08-06 02:00:00+00:00
147,370,147,,142,2023-08-06 03:00:00+00:00
148,370,148,,144,2023-08-06 04:00:00+00:00
149,370,153,142.0,145,2023-08-06 05:00:00+00:00
150,370,135,,126,2023-08-06 06:00:00+00:00
151,370,140,,133,2023-08-06 07:00:00+00:00
152,370,140,,132,2023-08-06 08:00:00+00:00
153,370,144,,137,2023-08-06 09:00:00+00:00
154,370,151,,143,2023-08-06 10:00:00+00:00
155,370,157,135.0,136,2023-08-06 11:00:00+00:00
156,370,155,,135,2023-08-06 12:00:00+00:00
157,370,159,,133,2023-08-06 13:00:00+00:00
158,370,159,,136,2023-08-06 14:00:00+00:00
159,370,140,,131,2023-08-06 15:00:00+00:00
160,370,140,,127,2023-08-06 16:00:00+00:00
161,370,141,139.0,126,2023-08-06 17:00:00+00:00
162,370,139,,119,2023-08-06 18:00:00+00:00
163,370,131,,121,2023-08-06 19:00:00+00:00
164,370,130,,113,2023-08-06 20:00:00+00:00
165,370,133,,113,2023-08-06 21:00:00+00:00
166,370,130,,114,2023-08-06 22:00:00+00:00
167,370,133,126.0,112,2023-08-06 23:00:00+00:00
168,370,131,,111,2023-08-07 00:00:00+00:00
169,370,129,,109,2023-08-07 01:00:00+00:00
170,370,127,,112,2023-08-07 02:00:00+00:00
171,370,133,,106,2023-08-07 03:00:00+00:00
172,370,136,,105,2023-08-07 04:00:00+00:00
173,370,137,124.0,104,2023-08-07 05:00:00+00:00
174,370,147,,104,2023-08-07 06:00:00+00:00
175,370,157,,98,2023-08-07 07:00:00+00:00
176,370,174,,92,2023-08-07 08:00:00+00:00
177,370,177,,93,2023-08-07 09:00:00+00:00
178,370,188,,84,2023-08-07 10:00:00+00:00
179,370,184,134.0,91,2023-08-07 11:00:00+00:00
180,370,158,,116,2023-08-07 12:00:00+00:00
181,370,189,,105,2023-08-07 13:00:00+00:00
182,370,196,,99,2023-08-07 14:00:00+00:00
183,370,183,,98,2023-08-07 15:00:00+00:00
184,370,185,,96,2023-08-07 16:00:00+00:00
185,370,172,159.0,108,2023-08-07 17:00:00+00:00
186,370,160,,110,2023-08-07 18:00:00+00:00
187,370,136,,107,2023-08-07 19:00:00+00:00
188,370,118,,102,2023-08-07 20:00:00+00:00
189,370,128,,107,2023-08-07 21:00:00+00:00
190,370,133,,107,2023-08-07 22:00:00+00:00
191,370,133,97.0,106,2023-08-07 23:00:00+00:00
192,370,138,,111,2023-08-08 00:00:00+00:00
193,370,134,,111,2023-08-08 01:00:00+00:00
194,370,132,,116,2023-08-08 02:00:00+00:00
195,370,126,,115,2023-08-08 03:00:00+00:00
196,370,124,,116,2023-08-08 04:00:00+00:00
197,370,139,118.0,122,2023-08-08 05:00:00+00:00
198,370,156,,126,2023-08-08 06:00:00+00:00
199,370,169,,124,2023-08-08 07:00:00+00:00
200,370,170,,120,2023-08-08 08:00:00+00:00
201,370,176,,119,2023-08-08 09:00:00+00:00
202,370,173,,113,2023-08-08 10:00:00+00:00
203,370,188,143.0,109,2023-08-08 11:00:00+00:00
204,370,202,,89,2023-08-08 12:00:00+00:00
205,370,194,,90,2023-08-08 13:00:00+00:00
206,370,189,,103,2023-08-08 14:00:00+00:00
207,370,185,,108,2023-08-08 15:00:00+00:00
208,370,178,,124,2023-08-08 16:00:00+00:00
209,370,146,147.0,140,2023-08-08 17:00:00+00:00
210,370,143,,140,2023-08-08 18:00:00+00:00
211,370,147,,143,2023-08-08 19:00:00+00:00
212,370,147,,142,2023-08-08 20:00:00+00:00
213,370,148,,142,2023-08-08 21:00:00+00:00
214,370,151,,146,2023-08-08 22:00:00+00:00
215,370,136,137.0,133,2023-08-08 23:00:00+00:00
216,370,136,,131,2023-08-09 00:00:00+00:00
217,370,132,,127,2023-08-09 01:00:00+00:00
218,370,113,,112,2023-08-09 02:00:00+00:00
219,370,110,,108,2023-08-09 03:00:00+00:00
220,370,117,,116,2023-08-09 04:00:00+00:00
221,370,134,99.0,131,2023-08-09 05:00:00+00:00
222,370,139,,138,2023-08-09 06:00:00+00:00
223,370,148,,141,2023-08-09 07:00:00+00:00
224,370,169,,144,2023-08-09 08:00:00+00:00
225,370,197,,145,2023-08-09 09:00:00+00:00
226,370,207,,125,2023-08-09 10:00:00+00:00
227,370,218,137.0,131,2023-08-09 11:00:00+00:00
228,370,217,,139,2023-08-09 12:00:00+00:00
229,370,219,,119,2023-08-09 13:00:00+00:00
230,370,219,,112,2023-08-09 14:00:00+00:00
231,370,207,,113,2023-08-09 15:00:00+00:00
232,370,201,,113,2023-08-09 16:00:00+00:00
233,370,191,192.0,104,2023-08-09 17:00:00+00:00
234,370,172,,98,2023-08-09 18:00:00+00:00
235,370,164,,93,2023-08-09 19:00:00+00:00
236,370,143,,99,2023-08-09 20:00:00+00:00
237,370,118,,102,2023-08-09 21:00:00+00:00
238,370,114,,105,2023-08-09 22:00:00+00:00
239,370,114,89.0,102,2023-08-09 23:00:00+00:00
240,370,125,,114,2023-08-10 00:00:00+00:00
241,370,121,,111,2023-08-10 01:00:00+00:00
242,370,109,,104,2023-08-10 02:00:00+00:00
243,370,106,,101,2023-08-10 03:00:00+00:00
244,370,108,,103,2023-08-10 04:00:00+00:00
245,370,138,85.0,108,2023-08-10 05:00:00+00:00
246,370,172,,108,2023-08-10 06:00:00+00:00
247,370,189,,92,2023-08-10 07:00:00+00:00
248,370,201,,101,2023-08-10 08:00:00+00:00
249,370,214,,112,2023-08-10 09:00:00+00:00
250,370,224,,125,2023-08-10 10:00:00+00:00
251,370,234,143.0,120,2023-08-10 11:00:00+00:00
252,370,241,,125,2023-08-10 12:00:00+00:00
253,370,245,,130,2023-08-10 13:00:00+00:00
254,370,249,,132,2023-08-10 14:00:00+00:00
255,370,245,,127,2023-08-10 15:00:00+00:00
256,370,242,,131,2023-08-10 16:00:00+00:00
257,370,236,229.0,137,2023-08-10 17:00:00+00:00
258,370,218,,140,2023-08-10 18:00:00+00:00
259,370,180,,148,2023-08-10 19:00:00+00:00
260,370,176,,145,2023-08-10 20:00:00+00:00
261,370,174,,144,2023-08-10 21:00:00+00:00
262,370,183,,140,2023-08-10 22:00:00+00:00
263,370,164,133.0,138,2023-08-10 23:00:00+00:00
264,370,164,,137,2023-08-11 00:00:00+00:00
265,370,159,,133,2023-08-11 01:00:00+00:00
266,370,151,,133,2023-08-11 02:00:00+00:00
267,370,146,,133,2023-08-11 03:00:00+00:00
268,370,149,,133,2023-08-11 04:00:00+00:00
269,370,174,112.0,139,2023-08-11 05:00:00+00:00
270,370,201,,148,2023-08-11 06:00:00+00:00
271,370,229,,148,2023-08-11 07:00:00+00:00
272,370,253,,162,2023-08-11 08:00:00+00:00
273,370,266,,163,2023-08-11 09:00:00+00:00
274,370,279,,167,2023-08-11 10:00:00+00:00
275,370,284,173.0,169,2023-08-11 11:00:00+00:00
276,370,283,,169,2023-08-11 12:00:00+00:00
277,370,285,,178,2023-08-11 13:00:00+00:00
278,370,286,,177,2023-08-11 14:00:00+00:00
279,370,277,,183,2023-08-11 15:00:00+00:00
280,370,252,,197,2023-08-11 16:00:00+00:00
281,370,237,231.0,192,2023-08-11 17:00:00+00:00
282,370,223,,192,2023-08-11 18:00:00+00:00
283,370,216,,194,2023-08-11 19:00:00+00:00
284,370,205,,193,2023-08-11 20:00:00+00:00
285,370,205,,195,2023-08-11 21:00:00+00:00
286,370,204,,194,2023-08-11 22:00:00+00:00
287,370,201,194.0,194,2023-08-11 23:00:00+00:00
288,370,201,,193,2023-08-12 00:00:00+00:00
289,370,200,,190,2023-08-12 01:00:00+00:00
290,370,196,,187,2023-08-12 02:00:00+00:00
291,370,192,,186,2023-08-12 03:00:00+00:00
292,370,189,,186,2023-08-12 04:00:00+00:00
293,370,190,187.0,188,2023-08-12 05:00:00+00:00
294,370,194,,191,2023-08-12 06:00:00+00:00
295,370,201,,197,2023-08-12 07:00:00+00:00
296,370,205,,193,2023-08-12 08:00:00+00:00
297,370,198,,183,2023-08-12 09:00:00+00:00
298,370,210,,175,2023-08-12 10:00:00+00:00
299,370,214,190.0,153,2023-08-12 11:00:00+00:00
300,370,232,,160,2023-08-12 12:00:00+00:00
301,370,229,,143,2023-08-12 13:00:00+00:00
302,370,242,,143,2023-08-12 14:00:00+00:00
303,370,228,,138,2023-08-12 15:00:00+00:00
304,370,231,,148,2023-08-12 16:00:00+00:00
305,370,223,220.0,137,2023-08-12 17:00:00+00:00
306,370,187,,141,2023-08-12 18:00:00+00:00
307,370,170,,131,2023-08-12 19:00:00+00:00
308,370,162,,131,2023-08-12 20:00:00+00:00
309,370,161,,125,2023-08-12 21:00:00+00:00
310,370,162,,125,2023-08-12 22:00:00+00:00
311,370,152,130.0,124,2023-08-12 23:00:00+00:00
312,370,149,,122,2023-08-13 00:00:00+00:00
313,370,144,,122,2023-08-13 01:00:00+00:00
314,370,145,,125,2023-08-13 02:00:00+00:00
315,370,136,,122,2023-08-13 03:00:00+00:00
316,370,148,,129,2023-08-13 04:00:00+00:00
317,370,159,120.0,135,2023-08-13 05:00:00+00:00
318,370,182,,143,2023-08-13 06:00:00+00:00
319,370,197,,149,2023-08-13 07:00:00+00:00
320,370,211,,142,2023-08-13 08:00:00+00:00
321,370,219,,148,2023-08-13 09:00:00+00:00
322,370,232,,143,2023-08-13 10:00:00+00:00
323,370,233,156.0,145,2023-08-13 11:00:00+00:00
324,370,239,,138,2023-08-13 12:00:00+00:00
325,370,233,,143,2023-08-13 13:00:00+00:00
326,370,253,,144,2023-08-13 14:00:00+00:00
327,370,220,,156,2023-08-13 15:00:00+00:00
328,370,223,,158,2023-08-13 16:00:00+00:00
329,370,222,220.0,157,2023-08-13 17:00:00+00:00
330,370,185,,162,2023-08-13 18:00:00+00:00
331,370,169,,159,2023-08-13 19:00:00+00:00
332,370,161,,156,2023-08-13 20:00:00+00:00
333,370,151,,146,2023-08-13 21:00:00+00:00
334,370,148,,143,2023-08-13 22:00:00+00:00
335,370,144,125.0,139,2023-08-13 23:00:00+00:00
336,370,140,,135,2023-08-14 00:00:00+00:00
337,370,143,,138,2023-08-14 01:00:00+00:00
338,370,135,,132,2023-08-14 02:00:00+00:00
339,370,138,,133,2023-08-14 03:00:00+00:00
340,370,140,,135,2023-08-14 04:00:00+00:00
341,370,160,110.0,140,2023-08-14 05:00:00+00:00
342,370,188,,150,2023-08-14 06:00:00+00:00
343,370,209,,152,2023-08-14 07:00:00+00:00
344,370,231,,151,2023-08-14 08:00:00+00:00
345,370,244,,143,2023-08-14 09:00:00+00:00
346,370,249,,142,2023-08-14 10:00:00+00:00
347,370,257,159.0,135,2023-08-14 11:00:00+00:00
348,370,263,,139,2023-08-14 12:00:00+00:00
349,370,268,,138,2023-08-14 13:00:00+00:00
350,370,273,,135,2023-08-14 14:00:00+00:00
351,370,274,,135,2023-08-14 15:00:00+00:00
352,370,270,,138,2023-08-14 16:00:00+00:00
353,370,262,258.0,152,2023-08-14 17:00:00+00:00
354,370,215,,163,2023-08-14 18:00:00+00:00
355,370,196,,160,2023-08-14 19:00:00+00:00
356,370,213,,170,2023-08-14 20:00:00+00:00
357,370,210,,164,2023-08-14 21:00:00+00:00
358,370,203,,170,2023-08-14 22:00:00+00:00
359,370,198,174.0,164,2023-08-14 23:00:00+00:00
360,370,179,,153,2023-08-15 00:00:00+00:00
361,370,174,,147,2023-08-15 01:00:00+00:00
362,370,169,,149,2023-08-15 02:00:00+00:00
363,370,160,,148,2023-08-15 03:00:00+00:00
364,370,155,,148,2023-08-15 04:00:00+00:00
365,370,178,142.0,156,2023-08-15 05:00:00+00:00
366,370,195,,160,2023-08-15 06:00:00+00:00
367,370,206,,162,2023-08-15 07:00:00+00:00
368,370,213,,164,2023-08-15 08:00:00+00:00
369,370,224,,158,2023-08-15 09:00:00+00:00
370,370,241,,164,2023-08-15 10:00:00+00:00
371,370,255,180.0,164,2023-08-15 11:00:00+00:00
372,370,248,,164,2023-08-15 12:00:00+00:00
373,370,256,,163,2023-08-15 13:00:00+00:00
374,370,249,,170,2023-08-15 14:00:00+00:00
375,370,244,,172,2023-08-15 15:00:00+00:00
376,370,239,,169,2023-08-15 16:00:00+00:00
377,370,225,220.0,159,2023-08-15 17:00:00+00:00
378,370,207,,137,2023-08-15 18:00:00+00:00
379,370,198,,146,2023-08-15 19:00:00+00:00
380,370,188,,144,2023-08-15 20:00:00+00:00
381,370,188,,145,2023-08-15 21:00:00+00:00
382,370,187,,144,2023-08-15 22:00:00+00:00
383,370,188,174.0,146,2023-08-15 23:00:00+00:00
384,370,179,,148,2023-08-16 00:00:00+00:00
385,370,173,,153,2023-08-16 01:00:00+00:00
386,370,170,,149,2023-08-16 02:00:00+00:00
387,370,166,,144,2023-08-16 03:00:00+00:00
388,370,164,,147,2023-08-16 04:00:00+00:00
389,370,170,158.0,145,2023-08-16 05:00:00+00:00
390,370,188,,142,2023-08-16 06:00:00+00:00
391,370,204,,141,2023-08-16 07:00:00+00:00
392,370,209,,143,2023-08-16 08:00:00+00:00
393,370,216,,150,2023-08-16 09:00:00+00:00
394,370,226,,154,2023-08-16 10:00:00+00:00
395,370,225,169.0,154,2023-08-16 11:00:00+00:00
396,370,233,,153,2023-08-16 12:00:00+00:00
397,370,240,,158,2023-08-16 13:00:00+00:00
398,370,239,,156,2023-08-16 14:00:00+00:00
399,370,232,,159,2023-08-16 15:00:00+00:00
400,370,226,,158,2023-08-16 16:00:00+00:00
401,370,219,213.0,150,2023-08-16 17:00:00+00:00
402,370,210,,149,2023-08-16 18:00:00+00:00
403,370,208,,135,2023-08-16 19:00:00+00:00
404,370,201,,134,2023-08-16 20:00:00+00:00
405,370,196,,138,2023-08-16 21:00:00+00:00
406,370,193,,144,2023-08-16 22:00:00+00:00
407,370,189,185.0,145,2023-08-16 23:00:00+00:00
408,370,183,,141,2023-08-17 00:00:00+00:00
409,370,176,,141,2023-08-17 01:00:00+00:00
410,370,176,,140,2023-08-17 02:00:00+00:00
411,370,172,,133,2023-08-17 03:00:00+00:00
412,370,167,,136,2023-08-17 04:00:00+00:00
413,370,171,166.0,139,2023-08-17 05:00:00+00:00
414,370,174,,141,2023-08-17 06:00:00+00:00
415,370,179,,143,2023-08-17 07:00:00+00:00
416,370,182,,144,2023-08-17 08:00:00+00:00
417,370,181,,146,2023-08-17 09:00:00+00:00
418,370,188,,151,2023-08-17 10:00:00+00:00
419,370,195,172.0,157,2023-08-17 11:00:00+00:00
420,370,197,,157,2023-08-17 12:00:00+00:00
421,370,199,,157,2023-08-17 13:00:00+00:00
422,370,196,,158,2023-08-17 14:00:00+00:00
423,370,198,,162,2023-08-17 15:00:00+00:00
424,370,194,,161,2023-08-17 16:00:00+00:00
425,370,192,190.0,163,2023-08-17 17:00:00+00:00
426,370,186,,163,2023-08-17 18:00:00+00:00
427,370,185,,166,2023-08-17 19:00:00+00:00
428,370,187,,170,2023-08-17 20:00:00+00:00
429,370,186,,171,2023-08-17 21:00:00+00:00
430,370,185,,167,2023-08-17 22:00:00+00:00
431,370,182,175.0,164,2023-08-17 23:00:00+00:00
432,370,178,,159,2023-08-18 00:00:00+00:00
433,370,173,,156,2023-08-18 01:00:00+00:00
434,370,172,,154,2023-08-18 02:00:00+00:00
435,370,168,,153,2023-08-18 03:00:00+00:00
436,370,167,,155,2023-08-18 04:00:00+00:00
437,370,167,166.0,156,2023-08-18 05:00:00+00:00
438,370,168,,159,2023-08-18 06:00:00+00:00
439,370,176,,162,2023-08-18 07:00:00+00:00
440,370,181,,166,2023-08-18 08:00:00+00:00
441,370,190,,169,2023-08-18 09:00:00+00:00
442,370,199,,173,2023-08-18 10:00:00+00:00
443,370,219,168.0,180,2023-08-18 11:00:00+00:00
444,370,239,,188,2023-08-18 12:00:00+00:00
445,370,253,,193,2023-08-18 13:00:00+00:00
446,370,257,,199,2023-08-18 14:00:00+00:00
447,370,265,,205,2023-08-18 15:00:00+00:00
448,370,266,,207,2023-08-18 16:00:00+00:00
449,370,260,240.0,207,2023-08-18 17:00:00+00:00
450,370,246,,207,2023-08-18 18:00:00+00:00
451,370,235,,207,2023-08-18 19:00:00+00:00
452,370,234,,208,2023-08-18 20:00:00+00:00
453,370,232,,207,2023-08-18 21:00:00+00:00
454,370,229,,208,2023-08-18 22:00:00+00:00
455,370,226,211.0,208,2023-08-18 23:00:00+00:00
456,370,226,,207,2023-08-19 00:00:00+00:00
457,370,229,,205,2023-08-19 01:00:00+00:00
458,370,230,,202,2023-08-19 02:00:00+00:00
459,370,227,,200,2023-08-19 03:00:00+00:00
460,370,227,,198,2023-08-19 04:00:00+00:00
461,370,232,211.0,199,2023-08-19 05:00:00+00:00
462,370,240,,202,2023-08-19 06:00:00+00:00
463,370,257,,208,2023-08-19 07:00:00+00:00
464,370,254,,213,2023-08-19 08:00:00+00:00
465,370,267,,214,2023-08-19 09:00:00+00:00
466,370,257,,208,2023-08-19 10:00:00+00:00
467,370,240,223.0,203,2023-08-19 11:00:00+00:00
468,370,238,,199,2023-08-19 12:00:00+00:00
469,370,232,,194,2023-08-19 13:00:00+00:00
470,370,246,,188,2023-08-19 14:00:00+00:00
471,370,251,,184,2023-08-19 15:00:00+00:00
472,370,249,,183,2023-08-19 16:00:00+00:00
473,370,232,224.0,187,2023-08-19 17:00:00+00:00
474,370,211,,182,2023-08-19 18:00:00+00:00
475,370,192,,176,2023-08-19 19:00:00+00:00
476,370,189,,178,2023-08-19 20:00:00+00:00
477,370,171,,164,2023-08-19 21:00:00+00:00
478,370,163,,158,2023-08-19 22:00:00+00:00
479,370,155,134.0,151,2023-08-19 23:00:00+00:00
480,370,157,,152,2023-08-20 00:00:00+00:00
481,370,173,,166,2023-08-20 01:00:00+00:00
482,370,168,,160,2023-08-20 02:00:00+00:00
483,370,148,,145,2023-08-20 03:00:00+00:00
484,370,143,,138,2023-08-20 04:00:00+00:00
485,370,171,119.0,165,2023-08-20 05:00:00+00:00
486,370,205,,160,2023-08-20 06:00:00+00:00
487,370,220,,162,2023-08-20 07:00:00+00:00
488,370,237,,152,2023-08-20 08:00:00+00:00
489,370,248,,134,2023-08-20 09:00:00+00:00
490,370,260,,142,2023-08-20 10:00:00+00:00
491,370,265,171.0,141,2023-08-20 11:00:00+00:00
492,370,271,,141,2023-08-20 12:00:00+00:00
493,370,277,,136,2023-08-20 13:00:00+00:00
494,370,274,,151,2023-08-20 14:00:00+00:00
495,370,264,,149,2023-08-20 15:00:00+00:00
496,370,260,,149,2023-08-20 16:00:00+00:00
497,370,244,232.0,152,2023-08-20 17:00:00+00:00
498,370,222,,157,2023-08-20 18:00:00+00:00
499,370,216,,156,2023-08-20 19:00:00+00:00
500,370,219,,154,2023-08-20 20:00:00+00:00
501,370,200,,154,2023-08-20 21:00:00+00:00
502,370,187,,152,2023-08-20 22:00:00+00:00
503,370,185,163.0,158,2023-08-20 23:00:00+00:00
504,370,182,,157,2023-08-21 00:00:00+00:00
505,370,176,,149,2023-08-21 01:00:00+00:00
506,370,159,,150,2023-08-21 02:00:00+00:00
507,370,154,,148,2023-08-21 03:00:00+00:00
508,370,157,,149,2023-08-21 04:00:00+00:00
509,370,174,122.0,159,2023-08-21 05:00:00+00:00
510,370,198,,168,2023-08-21 06:00:00+00:00
511,370,225,,149,2023-08-21 07:00:00+00:00
512,370,232,,150,2023-08-21 08:00:00+00:00
513,370,247,,152,2023-08-21 09:00:00+00:00
514,370,258,,146,2023-08-21 10:00:00+00:00
515,370,261,171.0,148,2023-08-21 11:00:00+00:00
516,370,264,,147,2023-08-21 12:00:00+00:00
517,370,259,,123,2023-08-21 13:00:00+00:00
518,370,267,,133,2023-08-21 14:00:00+00:00
519,370,265,,111,2023-08-21 15:00:00+00:00
520,370,260,,119,2023-08-21 16:00:00+00:00
521,370,240,235.0,147,2023-08-21 17:00:00+00:00
522,370,206,,153,2023-08-21 18:00:00+00:00
523,370,192,,149,2023-08-21 19:00:00+00:00
524,370,166,,146,2023-08-21 20:00:00+00:00
525,370,162,,149,2023-08-21 21:00:00+00:00
526,370,162,,147,2023-08-21 22:00:00+00:00
527,370,159,131.0,152,2023-08-21 23:00:00+00:00
528,370,162,,154,2023-08-22 00:00:00+00:00
529,370,158,,150,2023-08-22 01:00:00+00:00
530,370,157,,153,2023-08-22 02:00:00+00:00
531,370,149,,144,2023-08-22 03:00:00+00:00
532,370,143,,138,2023-08-22 04:00:00+00:00
533,370,172,118.0,145,2023-08-22 05:00:00+00:00
534,370,208,,147,2023-08-22 06:00:00+00:00
535,370,220,,148,2023-08-22 07:00:00+00:00
536,370,223,,152,2023-08-22 08:00:00+00:00
537,370,228,,151,2023-08-22 09:00:00+00:00
538,370,239,,155,2023-08-22 10:00:00+00:00
539,370,232,171.0,133,2023-08-22 11:00:00+00:00
540,370,228,,134,2023-08-22 12:00:00+00:00
541,370,235,,138,2023-08-22 13:00:00+00:00
542,370,234,,136,2023-08-22 14:00:00+00:00
543,370,241,,141,2023-08-22 15:00:00+00:00
544,370,237,,147,2023-08-22 16:00:00+00:00
545,370,224,218.0,146,2023-08-22 17:00:00+00:00
546,370,183,,153,2023-08-22 18:00:00+00:00
547,370,164,,149,2023-08-22 19:00:00+00:00
548,370,155,,142,2023-08-22 20:00:00+00:00
549,370,149,,145,2023-08-22 21:00:00+00:00
550,370,145,,140,2023-08-22 22:00:00+00:00
551,370,141,112.0,133,2023-08-22 23:00:00+00:00
552,370,137,,132,2023-08-23 00:00:00+00:00
553,370,136,,131,2023-08-23 01:00:00+00:00
554,370,127,,122,2023-08-23 02:00:00+00:00
555,370,123,,118,2023-08-23 03:00:00+00:00
556,370,126,,121,2023-08-23 04:00:00+00:00
557,370,141,86.0,135,2023-08-23 05:00:00+00:00
558,370,180,,143,2023-08-23 06:00:00+00:00
559,370,205,,148,2023-08-23 07:00:00+00:00
560,370,225,,149,2023-08-23 08:00:00+00:00
561,370,234,,150,2023-08-23 09:00:00+00:00
562,370,242,,140,2023-08-23 10:00:00+00:00
563,370,253,142.0,144,2023-08-23 11:00:00+00:00
564,370,260,,135,2023-08-23 12:00:00+00:00
565,370,268,,134,2023-08-23 13:00:00+00:00
566,370,266,,127,2023-08-23 14:00:00+00:00
567,370,267,,131,2023-08-23 15:00:00+00:00
568,370,265,,121,2023-08-23 16:00:00+00:00
569,370,245,236.0,139,2023-08-23 17:00:00+00:00
570,370,215,,152,2023-08-23 18:00:00+00:00
571,370,197,,153,2023-08-23 19:00:00+00:00
572,370,186,,152,2023-08-23 20:00:00+00:00
573,370,180,,147,2023-08-23 21:00:00+00:00
574,370,168,,144,2023-08-23 22:00:00+00:00
575,370,182,149.0,151,2023-08-23 23:00:00+00:00
576,370,180,,151,2023-08-24 00:00:00+00:00
577,370,181,,153,2023-08-24 01:00:00+00:00
578,370,183,,157,2023-08-24 02:00:00+00:00
579,370,182,,161,2023-08-24 03:00:00+00:00
580,370,176,,162,2023-08-24 04:00:00+00:00
581,370,185,157.0,163,2023-08-24 05:00:00+00:00
582,370,207,,160,2023-08-24 06:00:00+00:00
583,370,227,,164,2023-08-24 07:00:00+00:00
584,370,245,,169,2023-08-24 08:00:00+00:00
585,370,254,,173,2023-08-24 09:00:00+00:00
586,370,242,,180,2023-08-24 10:00:00+00:00
587,370,234,188.0,190,2023-08-24 11:00:00+00:00
588,370,242,,189,2023-08-24 12:00:00+00:00
589,370,233,,185,2023-08-24 13:00:00+00:00
590,370,228,,184,2023-08-24 14:00:00+00:00
591,370,228,,181,2023-08-24 15:00:00+00:00
592,370,231,,178,2023-08-24 16:00:00+00:00
593,370,223,223.0,178,2023-08-24 17:00:00+00:00
594,370,197,,178,2023-08-24 18:00:00+00:00
595,370,199,,183,2023-08-24 19:00:00+00:00
596,370,197,,186,2023-08-24 20:00:00+00:00
597,370,196,,188,2023-08-24 21:00:00+00:00
598,370,186,,182,2023-08-24 22:00:00+00:00
599,370,184,174.0,181,2023-08-24 23:00:00+00:00
600,370,177,,174,2023-08-25 00:00:00+00:00
601,370,179,,176,2023-08-25 01:00:00+00:00
602,370,186,,183,2023-08-25 02:00:00+00:00
603,370,186,,182,2023-08-25 03:00:00+00:00
604,370,183,,179,2023-08-25 04:00:00+00:00
605,370,187,157.0,179,2023-08-25 05:00:00+00:00
606,370,185,,175,2023-08-25 06:00:00+00:00
607,370,184,,179,2023-08-25 07:00:00+00:00
608,370,183,,179,2023-08-25 08:00:00+00:00
609,370,189,,185,2023-08-25 09:00:00+00:00
610,370,194,,187,2023-08-25 10:00:00+00:00
611,370,201,181.0,191,2023-08-25 11:00:00+00:00
612,370,209,,195,2023-08-25 12:00:00+00:00
613,370,226,,195,2023-08-25 13:00:00+00:00
614,370,224,,187,2023-08-25 14:00:00+00:00
615,370,221,,183,2023-08-25 15:00:00+00:00
616,370,206,,187,2023-08-25 16:00:00+00:00
617,370,197,194.0,178,2023-08-25 17:00:00+00:00
618,370,192,,177,2023-08-25 18:00:00+00:00
619,370,178,,167,2023-08-25 19:00:00+00:00
620,370,172,,162,2023-08-25 20:00:00+00:00
621,370,160,,153,2023-08-25 21:00:00+00:00
622,370,166,,156,2023-08-25 22:00:00+00:00
623,370,162,146.0,132,2023-08-25 23:00:00+00:00
624,370,143,,120,2023-08-26 00:00:00+00:00
625,370,132,,116,2023-08-26 01:00:00+00:00
626,370,126,,111,2023-08-26 02:00:00+00:00
627,370,119,,107,2023-08-26 03:00:00+00:00
628,370,118,,108,2023-08-26 04:00:00+00:00
629,370,132,107.0,115,2023-08-26 05:00:00+00:00
630,370,148,,119,2023-08-26 06:00:00+00:00
631,370,167,,128,2023-08-26 07:00:00+00:00
632,370,183,,129,2023-08-26 08:00:00+00:00
633,370,194,,125,2023-08-26 09:00:00+00:00
634,370,198,,123,2023-08-26 10:00:00+00:00
635,370,213,131.0,123,2023-08-26 11:00:00+00:00
636,370,206,,115,2023-08-26 12:00:00+00:00
637,370,224,,111,2023-08-26 13:00:00+00:00
638,370,214,,109,2023-08-26 14:00:00+00:00
639,370,184,,120,2023-08-26 15:00:00+00:00
640,370,174,,129,2023-08-26 16:00:00+00:00
641,370,172,169.0,140,2023-08-26 17:00:00+00:00
642,370,153,,138,2023-08-26 18:00:00+00:00
643,370,150,,129,2023-08-26 19:00:00+00:00
644,370,154,,124,2023-08-26 20:00:00+00:00
645,370,133,,117,2023-08-26 21:00:00+00:00
646,370,145,,121,2023-08-26 22:00:00+00:00
647,370,141,106.0,125,2023-08-26 23:00:00+00:00
648,370,129,,122,2023-08-27 00:00:00+00:00
649,370,123,,118,2023-08-27 01:00:00+00:00
650,370,138,,130,2023-08-27 02:00:00+00:00
651,370,136,,130,2023-08-27 03:00:00+00:00
652,370,135,,130,2023-08-27 04:00:00+00:00
653,370,136,99.0,130,2023-08-27 05:00:00+00:00
654,370,150,,136,2023-08-27 06:00:00+00:00
655,370,165,,140,2023-08-27 07:00:00+00:00
656,370,175,,129,2023-08-27 08:00:00+00:00
657,370,173,,126,2023-08-27 09:00:00+00:00
658,370,197,,124,2023-08-27 10:00:00+00:00
659,370,151,134.0,113,2023-08-27 11:00:00+00:00
660,370,143,,123,2023-08-27 12:00:00+00:00
661,370,174,,134,2023-08-27 13:00:00+00:00
662,370,183,,116,2023-08-27 14:00:00+00:00
663,370,178,,132,2023-08-27 15:00:00+00:00
664,370,178,,120,2023-08-27 16:00:00+00:00
665,370,167,127.0,117,2023-08-27 17:00:00+00:00
666,370,133,,115,2023-08-27 18:00:00+00:00
667,370,126,,109,2023-08-27 19:00:00+00:00
668,370,122,,106,2023-08-27 20:00:00+00:00
669,370,121,,106,2023-08-27 21:00:00+00:00
670,370,113,,100,2023-08-27 22:00:00+00:00
671,370,122,82.0,108,2023-08-27 23:00:00+00:00
672,370,113,,104,2023-08-28 00:00:00+00:00
673,370,103,,97,2023-08-28 01:00:00+00:00
674,370,106,,103,2023-08-28 02:00:00+00:00
675,370,117,,113,2023-08-28 03:00:00+00:00
676,370,122,,117,2023-08-28 04:00:00+00:00
677,370,126,70.0,121,2023-08-28 05:00:00+00:00
678,370,153,,136,2023-08-28 06:00:00+00:00
679,370,167,,143,2023-08-28 07:00:00+00:00
680,370,168,,140,2023-08-28 08:00:00+00:00
681,370,179,,135,2023-08-28 09:00:00+00:00
682,370,188,,134,2023-08-28 10:00:00+00:00
683,370,189,124.0,138,2023-08-28 11:00:00+00:00
684,370,182,,141,2023-08-28 12:00:00+00:00
685,370,193,,138,2023-08-28 13:00:00+00:00
686,370,205,,132,2023-08-28 14:00:00+00:00
687,370,157,,129,2023-08-28 15:00:00+00:00
688,370,159,,135,2023-08-28 16:00:00+00:00
689,370,157,154.0,143,2023-08-28 17:00:00+00:00
690,370,155,,140,2023-08-28 18:00:00+00:00
691,370,154,,138,2023-08-28 19:00:00+00:00
692,370,146,,136,2023-08-28 20:00:00+00:00
693,370,132,,127,2023-08-28 21:00:00+00:00
694,370,128,,123,2023-08-28 22:00:00+00:00
695,370,124,90.0,121,2023-08-28 23:00:00+00:00
696,370,119,,114,2023-08-29 00:00:00+00:00
697,370,112,,109,2023-08-29 01:00:00+00:00
698,370,97,,94,2023-08-29 02:00:00+00:00
699,370,98,,96,2023-08-29 03:00:00+00:00
700,370,100,,98,2023-08-29 04:00:00+00:00
701,370,114,70.0,111,2023-08-29 05:00:00+00:00
702,370,137,,120,2023-08-29 06:00:00+00:00
703,370,154,,130,2023-08-29 07:00:00+00:00
704,370,168,,133,2023-08-29 08:00:00+00:00
705,370,177,,130,2023-08-29 09:00:00+00:00
706,370,186,,130,2023-08-29 10:00:00+00:00
707,370,201,114.0,119,2023-08-29 11:00:00+00:00
708,370,198,,116,2023-08-29 12:00:00+00:00
709,370,206,,116,2023-08-29 13:00:00+00:00
710,370,187,,130,2023-08-29 14:00:00+00:00
711,370,172,,118,2023-08-29 15:00:00+00:00
712,370,177,,124,2023-08-29 16:00:00+00:00
713,370,161,147.0,126,2023-08-29 17:00:00+00:00
714,370,142,,118,2023-08-29 18:00:00+00:00
715,370,122,,117,2023-08-29 19:00:00+00:00
716,370,117,,111,2023-08-29 20:00:00+00:00
717,370,106,,92,2023-08-29 21:00:00+00:00
718,370,104,,98,2023-08-29 22:00:00+00:00
719,370,105,74.0,94,2023-08-29 23:00:00+00:00
720,370,111,,94,2023-08-30 00:00:00+00:00
721,370,104,,95,2023-08-30 01:00:00+00:00
722,370,121,,106,2023-08-30 02:00:00+00:00
723,370,124,,109,2023-08-30 03:00:00+00:00
724,370,127,,113,2023-08-30 04:00:00+00:00
725,370,134,68.0,116,2023-08-30 05:00:00+00:00
726,370,136,,120,2023-08-30 06:00:00+00:00
727,370,134,,125,2023-08-30 07:00:00+00:00
728,370,141,,132,2023-08-30 08:00:00+00:00
729,370,162,,148,2023-08-30 09:00:00+00:00
730,370,173,,142,2023-08-30 10:00:00+00:00
731,370,177,131.0,118,2023-08-30 11:00:00+00:00
732,370,187,,104,2023-08-30 12:00:00+00:00
733,370,194,,96,2023-08-30 13:00:00+00:00
734,370,178,,101,2023-08-30 14:00:00+00:00
735,370,181,,86,2023-08-30 15:00:00+00:00
736,370,171,,88,2023-08-30 16:00:00+00:00
737,370,148,131.0,95,2023-08-30 17:00:00+00:00
738,370,132,,96,2023-08-30 18:00:00+00:00
739,370,132,,102,2023-08-30 19:00:00+00:00
740,370,124,,105,2023-08-30 20:00:00+00:00
741,370,112,,95,2023-08-30 21:00:00+00:00
742,370,118,,104,2023-08-30 22:00:00+00:00
743,370,108,92.0,100,2023-08-30 23:00:00+00:00
24,370,101,,95,2023-08-31 00:00:00+00:00
